user_id,age,gender,country,education_level,hours_spent_weekly,preferred_device,course_completed,satisfaction_rating,login_frequency,quiz_score_avg
user_0598,33,Non-binary,USA,PhD,10.3,Desktop,No,4,2,74.3
user_0716,55,male,Canada,PhD,19.7,Tablet,true,4,9,92.1
user_0922,29,Other,Canada,Master,9.2,Desktop,No,1,5,78.7
user_1160,36,Other,USA,Master,16.9,Desktop,Yes,1,4,69.4
user_0416,46,Male,Canada,Other,6.9,Tablet,No,3,11,86.0
user_0169,54,Other,Canada,Bachelor,18.9,Desktop,No,4,1,87.4
user_1189,27,Female,Canada,master,7.8,Tablet,false,3,8,46.7
user_1104,59,Male,Australia,PhD,200,Desktop,Yes,1,3,73.1
user_0412,43,Other,Canada,Master,1.3,Mobile,Yes,3,6,47.7
user_0102,25,Male,UK,Master,5.4,Desktop,Yes,4,14,72.4
user_0241,43,Female,UK,Other,11.4,Tablet,No,,9,49.8
user_0156,42,Female,India,Bachelor,12.2,Desktop,Yes,1,4,55.2
user_0356,33,Male,UK,Other,11.1,Tablet,Yes,5,11,51.5
user_0334,19,Female,India,  PhD  ,-10,Desktop,Yes,3,13,59.6
user_0364,49,Other,USA,High School,,Desktop,Yes,3,5,95.9
user_0050,31,Male,,PhD,12.3,Mobile,No,3,8,40.4
user_0782,43,Male,Australia,High School,,Mobile,No,2,14,
user_0293,25,Other,UK,Other,19.8,Tablet,1,3,10,68.6
user_0468,19,Other,Australia,Bachelor,9.6,Desktop,False,5,2,
user_1034,25,Female,Canada,Other,14.4,Tablet,No,3,9,99.5
user_0543,46,Male,USA,PhD,12.7,Mobile,No,5,14,47.9
user_0129,59,Female,USA,High School,10.8,Mobile,Yes,4,10,45.3
user_0077,42,Female,India,Master,12.9,Tablet,No,1,4,95.2
user_0448,45,Female,India,High School,18.6,Desktop,No,1,10,68.2
user_0368,39,  Male  ,Australia,High School,16.6,Tablet,Yes,1,2,70.6
user_1133,23,f,India,Other,,Mobile,No,4,1,56.2
user_0713,19,Other,India,PHD,2.7,Desktop,Yes,2,10,60.3
user_0436,51,Other,USA,Master,9.9,Desktop,No,3,8,80.6
user_0839,51,Female,India,Other,12.8,Desktop,Yes,3,6,82.3
user_0406,56,Male,Australia,PhD,17.9,Tablet,No,4,12,78.9
user_1024,44,Female,Australia,Bachelor,18.3,Tablet,No,3,8,52.2
user_0304,21,Female,UK,Master,1.9,Tablet,Yes,3,4,88.7
user_1009,43,Other,Australia,Master,12.2,Tablet,No,5,14,72.8
user_1098,55,Female,Canada,High School,2.5,Mobile,Yes,1,5,79.7
user_0295,44,Male,Canada,  Master  ,18.9,Desktop,No,2,3,54.1
user_0905,18,Female,India,Other,200,Desktop,No,5,12,46.0
user_0707,34,Female,,High School,9.3,Mobile,No,4,7,
user_0915,47,Female,UK,Master,8.3,Mobile,No,2,6,52.6
user_0869,47,Female,Canada,High School,5.2,Tablet,Yes,3,6,
user_0950,57,Other,USA,High School,1.7,DESKTOP,Yes,,1,42.3
user_0768,59,  Male  ,USA,Other,12.0,Mobile,Yes,2,5,90.5
user_0045,37,Other,Australia,High School,15.1,Desktop,Yes,3,5,81.8
user_0044,19,Female,USA,PhD,,Desktop,Yes,5,11,61.4
user_0568,42,Male,India,PhD,18.9,Tablet,No,5,12,45.1
user_1068,39,Female,USA,Other,15.0,Tablet,No,3,9,45.0
user_0079,46,Other,UK,PhD,2.0,Tablet,1,1,6,72.0
user_0853,26,Female,USA,doctorate,1.9,Desktop,No,,10,47.3
user_0351,24,Other,India,High School,9.4,Mobile,No,4,5,77.2
user_0244,29,Female,Canada,Master,19.0,Mobile,No,5,13,94.3
user_0271,19,Male,Canada,High School,3.4,Mobile,Yes,1,14,63.9
user_0708,40,Male,Canada,High School,16.1,Mobile,Yes,4,11,65.4
user_0763,36,Male,Australia,Other,8.4,Mobile,Yes,2,6,52.5
user_0769,39,Male,Australia,Master,3.0,Mobile,No,1,7,83.3
user_1075,34,Female,Canada,Bachelor,12.2,Desktop,No,1,1,46.6
user_0491,41,Other,USA,Master,14.0,Desktop,Yes,2,9,56.8
user_0479,58,Female,UK,High School,2.8,Desktop,Yes,2,7,42.3
user_0260,53,Other,UK,Other,8.8,Tablet,Yes,5,14,68.9
user_0926,57,Man,USA,High School,17.9,Tablet,No,3,6,55.4
user_0843,200,Male,Canada,PhD,5.3,Mobile,Yes,3,9,68.8
user_0550,55,Other,Australia,Bachelor,4.3,Mobile,No,1,2,65.9
user_0193,19,Other,Australia,PhD,2.5,Desktop,Yes,2,8,91.4
user_0287,29,Other,UK,Other,15.1,Mobile,Yes,2,,60.0
user_0875,43,Female,USA,High School,6.0,Desktop,No,3,2,
user_0529,29,Male,USA,Master,16.7,Mobile,No,4,7,92.7
user_0628,43,Other,Canada,Master,6.6,Desktop,true,5,2,77.1
user_0772,18,Female,Canada,M.Tech,14.3,Desktop,No,5,14,69.6
user_1084,32,Female,Canada,PhD,18.7,Tablet,No,2,2,86.4
user_1119,41,Male,Australia,Master,8.1,Mobile,No,1,7,99.2
user_0482,28,f,UK,Other,2.3,Desktop,No,5,12,86.0
user_0124,44,Male,UK,Bachelor,,Desktop,False,5,2,64.6
user_0944,59,Male,Australia,Other,16.8,Desktop,Yes,3,12,63.0
user_0863,37,female,USA,Other,5.1,Mobile,No,,14,81.2
user_1081,53,Other,Canada,Bachelor,11.6,Mobile,No,2,1,73.4
user_1163,24,Female,India,PhD,1.0,Desktop,No,1,14,70.8
user_0071,57,Male,USA,High School,9.5,Desktop,No,3,10,63.0
user_0353,37,Other,UK,Bachelor,19.2,Mobile,No,1,14,91.4
user_0024,29,Male,USA,Other,15.8,Mobile,No,1,12,45.2
user_0248,26,Female,Australia,Master,9.3,Tablet,No,3,6,59.7
user_0991,50,Other,USA,PHD,14.2,Desktop,No,3,13,41.4
user_0059,46,Other,Australia,High School,13.2,Desktop,Yes,2,11,
user_0939,36,Female,India,Bachelor,2.0,Desktop,No,5,4,68.8
user_0942,21,Woman,UK,Other,,Desktop,0,2,1,62.1
user_0443,21,Male,Canada,Other,19.0,Tablet,Yes,1,6,57.9
user_0082,42,Female,USA,Other,18.8,Tablet,Yes,1,9,88.4
user_0606,35,Other,Australia,PhD,5.8,Mobile,No,2,12,56.7
user_1031,18,Other,India,PhD,14.5,Tablet,No,4,11,43.6
user_0627,3,Female,Canada,PhD,4.8,Desktop,No,4,8,66.6
user_0773,22,Female,,PhD,8.8,Mobile,No,4,8,49.6
user_0345,59,Male,Canada,Bachelor,17.5,Tablet,Yes,5,9,63.6
user_1023,24,  Female  ,India,Bachelor,9.7,Mobile,0,3,12,52.9
user_0310,23,Other,UK,PhD,8.1,Mobile,Yes,1,5,45.3
user_0462,57,Female,USA,Other,,Desktop,Yes,2,4,90.1
user_0175,49,Female,India,High School,1.2,Mobile,0,2,11,79.7
user_0108,54,Female,USA,Master,16.5,Mobile,No,4,9,82.0
user_0052,53,Female,Canada,PhD,18.6,Tablet,No,1,7,92.9
user_0970,25,Male,India,Master,10.8,Tablet,Yes,5,9,63.8
user_0234,40,Other,Australia,High School,15.3,Tablet,No,5,9,67.0
user_0322,50,Male,Australia,Master,1.3,Desktop,Yes,4,2,45.1
user_0742,51,Female,Canada,Bachelor,17.3,Desktop,Yes,2,8,40.0
user_1051,57,Female,USA,Other,16.3,Tablet,No,5,3,55.0
user_0114,18,Male,Australia,PhD,2.5,Mobile,No,5,5,60.3
user_0810,54,Other,Canada,Other,18.1,Tablet,No,5,12,91.7
user_0984,50,Male,USA,PhD,6.3,Tablet,Yes,3,1,96.8
user_0055,19,Male,India,PhD,14.2,Desktop,No,4,5,95.2
user_1137,50,Other,Australia,Master,,Desktop,Yes,5,10,77.0
user_0732,22,Male,Canada,Master,6.2,Mobile,No,2,,94.2
user_0824,27,Female,India,High School,3.7,Desktop,0,3,4,56.1
user_0057,59,Other,USA,Bachelor,2.7,Desktop,Yes,,12,62.2
user_0087,25,Other,Canada,PhD,12.7,Tablet,Yes,4,9,96.2
user_1005,18,Other,India,PhD,7.4,Desktop,No,4,11,49.9
user_0428,53,Female,USA,PhD,,Mobile,Yes,4,8,41.2
user_0110,57,Other,UK,Other,18.3,Mobile,No,5,3,
user_1047,26,Male,Australia,Master,2.7,Mobile,Yes,4,12,85.9
user_1188,-1,Other,Australia,High School,8.5,Desktop,Yes,2,1,
user_0267,42,Other,Canada,Other,15.3,Desktop,Yes,1,11,91.0
user_0652,22,Other,,Bachelor,13.7,Phone,No,,1,85.0
user_0913,55,Male,India,High School,9.4,Tablet,No,2,10,41.4
user_0599,38,Other,Canada,Bachelor,,Desktop,Yes,5,7,94.4
user_0592,42,Other,India,  High School  ,15.1,Tablet,No,,10,51.5
user_0610,48,  Female  ,UK,Other,14.9,Mobile,No,5,,67.7
user_0567,24,f,India,Other,15.5,Mobile,No,3,2,58.6
user_0983,44,Male,Canada,Master,,Mobile,Yes,4,8,73.4
user_0803,20,Other,Australia,Bachelor,1.5,Desktop,Yes,5,5,44.1
user_1116,43,Other,India,M.S,19.1,Desktop,No,2,3,51.3
user_0425,43,Other,Canada,Bachelor,13.1,Tablet,Yes,,11,48.2
user_0276,50,m,USA,High School,8.7,Mobile,Yes,2,13,58.8
user_1000,22,Other,UK,Bachelor,8.7,Tablet,Yes,3,13,70.3
user_0426,38,Female,India,Bachelor,14.9,Tablet,Yes,2,6,53.7
user_0309,46,Other,Australia,Master,17.0,Desktop,No,1,11,95.9
user_0421,22,Female,India,Master,8.9,Mobile,Yes,2,8,80.4
user_0971,59,Non-binary,USA,Other,4.7,Desktop,No,1,12,60.2
user_0381,47,Other,Canada,Bachelor,13.0,MOBILE,Yes,1,5,42.3
user_0483,-1,others,UK,PhD,5.4,Tablet,No,4,14,61.0
user_1166,40,Female,Australia,Master,18.5,Desktop,Yes,3,5,55.9
user_0826,58,Other,UK,PhD,15.5,Desktop,No,2,2,68.2
user_0559,46,Female,Australia,Bachelor,7.6,Mobile,No,2,11,60.1
user_0221,37,Female,Canada,P.H.D,13.1,Tablet,No,1,,74.2
user_1062,44,Female,Australia,Master,10.2,Mobile,No,,4,45.8
user_0245,22,Other,India,Master,14.2,Tablet,Yes,2,6,98.5
user_0434,22,Other,India,Bachelor,12.8,Desktop,Yes,1,11,61.6
user_0197,49,f,UK,Master,16.1,Mobile,No,3,13,53.8
user_0901,30,Female,India,MSc,18.1,Mobile,No,5,3,63.4
user_0893,20,Male,Canada,High School,5.5,Desktop,No,5,2,69.1
user_0466,29,Male,UK,BACHELOR,4.3,Desktop,No,1,1,68.2
user_0714,28,Other,Canada,PhD,19.8,Tablet,No,2,8,68.4
user_0410,20,Other,Australia,Bachelor,2.5,Mobile,Yes,1,1,-10
user_1090,18,Other,India,PhD,13.6,Tablet,No,3,9,45.2
user_1014,41,Man,India,PhD,13.8,Mobile,Yes,3,1,50.4
user_0219,20,Male,UK,PhD,,Mobile,Yes,3,14,50.3
user_0850,47,Female,,PhD,5.4,Mobile,Yes,4,5,78.0
user_0546,29,Male,Australia,Bachelor,15.8,Desktop,Yes,4,5,
user_0210,26,m,India,Other,15.1,Desktop,True,1,10,53.4
user_0328,20,Other,UK,PhD,8.4,Mobile,yes,4,11,44.3
user_0424,43,Other,,High School,2.3,Tablet,Yes,5,8,85.8
user_0148,59,Female,India,Bachelor,11.2,Tablet,No,1,6,47.8
user_0615,28,Male,India,Other,,Tablet,Yes,4,8,92.0
user_0959,34,Male,UK,Bachelor,7.0,Mobile,Yes,3,7,60.6
user_0454,52,Female,UK,PhD,11.5,Desktop,No,3,12,66.2
user_0362,51,Female,India,Other,9.8,Mobile,Yes,5,3,67.9
user_1100,44,Male,Canada,Other,8.8,Tablet,No,3,9,89.3
user_0725,55,Other,UK,High School,9.5,Mobile,Yes,1,12,80.1
user_1037,45,Male,,Master,,Mobile,No,2,1,52.5
user_1148,52,Other,Canada,Other,4.7,Tablet,No,3,14,94.4
user_0833,36,Female,Canada,Bachelor,9.0,Tablet,Yes,5,,50.1
user_0278,50,Female,Australia,Other,1.3,Desktop,No,4,11,71.6
user_0706,47,Other,Canada,PhD,7.6,Mobile,No,4,12,46.6
user_0650,27,Female,UK,Other,13.3,Mobile,Yes,4,9,93.2
user_0171,59,Other,USA,High School,14.7,Tablet,No,4,5,80.6
user_0721,47,Other,Canada,High School,5.6,Desktop,0,1,7,47.2
user_0136,54,Female,India,PhD,16.2,Tablet,Yes,1,9,59.2
user_0199,28,Male,India,PhD,7.6,Tablet,No,5,1,86.3
user_0555,26,Other,,ph.d,14.6,Tablet,Yes,3,11,74.4
user_0902,57,Female,UK,High School,5.1,Tablet,Yes,5,4,64.9
user_0954,50,Male,India,High School,1.2,Tablet,No,3,5,69.8
user_0159,18,Male,Australia,High School,1.5,Laptop,Yes,3,12,79.3
user_0141,53,OTHER,India,PhD,1.7,Mobile,No,2,13,60.8
user_0761,46,Male,USA,Bachelor,13.0,Smartphone,No,4,7,48.4
user_0291,55,Male,Canada,Other,9.6,Tablet,Yes,3,4,40.8
user_0988,27,Male,Australia,High School,15.4,Mobile,Yes,4,11,95.8
user_0655,35,Other,Canada,High School,3.3,Tablet,No,2,14,99.5
user_0366,39,Female,USA,Other,2.2,Mobile,No,3,4,61.5
user_0539,48,Other,Australia,Bachelor,6.2,Tab,No,2,14,96.6
user_0290,47,Female,India,High School,19.7,Tablet,Yes,1,8,43.1
user_0494,53,Other,UK,Bachelor,17.8,Mobile,False,3,12,91.9
user_0779,43,Male,India,Master,,Mobile,Yes,3,1,47.7
user_0431,54,Male,Australia,Bachelors,17.5,Desktop,No,2,12,66.8
user_0848,47,Other,UK,High School,14.2,Mobile,No,5,11,94.1
user_1135,54,Other,UK,Master,7.7,Tablet,Yes,4,8,40.0
user_0382,52,Male,Canada,Bachelor,,Desktop,No,1,10,78.6
user_0185,19,Non-binary,USA,Master,16.4,Tablet,yes,2,8,95.8
user_0266,52,Male,Australia,High School,14.2,Tablet,Yes,4,8,88.3
user_0723,44,Female,Australia,Master,6.2,Mobile,No,3,9,57.1
user_0164,56,Other,Australia,Master,8.8,Mobile,Yes,5,13,41.0
user_0430,47,Other,Canada,Bachelor,11.8,Desktop,No,2,2,68.4
user_1197,41,Other,Australia,Other,11.1,  Phone  ,No,4,9,83.2
user_0157,56,Other,India,Bachelor,8.7,Desktop,Yes,4,10,73.3
user_1004,27,Male,India,PhD,5.0,Mobile,Yes,5,10,78.2
user_0534,33,Male,Canada,High School,4.2,Desktop,Yes,4,3,47.2
user_0359,40,  Female  ,USA,PHD,,Desktop,Yes,3,5,86.0
user_0232,45,Male,UK,High School,19.7,Tablet,Yes,1,4,45.2
user_0200,34.0,Other,UK,High School,9.8,Tablet,Yes,5,3,44.5
user_0383,2,Other,Canada,Other,15.9,Tablet,No,2,2,55.8
user_0980,55,Male,Australia,Master,4.7,Desktop,No,5,10,200
user_0343,56,Other,Canada,PhD,12.4,Desktop,YES,3,10,71.9
user_0693,49,Male,India,Bachelor,12.3,Desktop,No,1,7,48.8
user_0395,40,Female,UK,High School,16.7,Desktop,No,3,12,62.8
user_0209,50,Male,India,PhD,9.2,Tablet,No,5,4,67.6
user_0614,40,Female,Australia,Bachelor,1.5,Desktop,Yes,2,11,84.3
user_0827,35,Other,Australia,Other,15.8,Mobile,No,5,6,82.4
user_0211,23,Female,Australia,PhD,17.4,Desktop,Yes,1,10,96.0
user_0760,44,Male,USA,PhD,14.9,Desktop,Yes,1,3,
user_1080,31,Other,India,Master,12.8,Mobile,No,1,8,82.1
user_1172,40,Male,Canada,Master,14.5,Desktop,No,5,14,77.5
user_1156,22,Female,Australia,PhD,19.6,tablet,Yes,1,7,57.0
user_0520,26,Other,Canada,High School,19.7,Mobile,No,2,13,63.7
user_1002,49,Female,UK,  M.S  ,17.1,Mobile,No,2,14,53.6
user_0586,58,Male,Australia,High School,,Desktop,No,1,8,54.7
user_0544,28,Female,Canada,High School,4.0,Tablet,Yes,5,6,76.1
user_0533,40,F,USA,Bachelor,19.5,Tablet,No,4,4,69.4
user_0097,56,Other,Canada,Other,17.4,Desktop,Yes,2,9,70.1
user_0753,21,Woman,UK,PhD,16.6,Desktop,No,3,6,65.8
user_0859,41,Other,UK,Master,,Mobile,No,2,8,65.9
user_0179,56,Other,USA,Other,5.8,Tablet,No,4,13,74.3
user_0032,20,Male,Australia,Bachelor,,Mobile,Yes,5,12,40.5
user_0894,50,Other,USA,Other,3.0,Mobile,Yes,3,1,72.6
user_1030,35,Other,India,High School,7.6,Tablet,Yes,2,5,64.2
user_0899,27,Male,USA,High School,11.4,Tablet,Yes,2,11,51.8
user_0889,54,Other,Canada,PhD,18.0,Tablet,No,4,3,65.5
user_0562,36,Male,UK,Bachelor,13.6,Tablet,No,,9,
user_0459,20,Female,UK,PhD,1.8,Tablet,No,,13,51.6
user_0637,26,Female,Australia,Other,15.7,Desktop,Yes,,1,58.9
user_0506,52,Female,Canada,High School,8.5,Tablet,Yes,4,7,99.1
user_0089,28,FEMALE,Australia,Bachelor,5.1,Tablet,Yes,1,3,92.2
user_0631,45,Female,UK,High School,18.9,Mobile,No,1,1,
user_0297,38,others,Canada,Master,9.5,laptop,No,4,5,
user_1001,39,Non-binary,USA,Other,19.5,Mobile,No,4,1,59.5
user_0717,51,Male,India,Master,18.8,Desktop,Yes,4,2,79.7
user_1064,43,Female,Australia,High School,6.0,Tablet,yes,1,7,96.5
user_0332,39,Other,Australia,Other,9.2,Mobile,No,5,11,86.9
user_0900,19,Other,Australia,Master,6.2,Desktop,No,4,10,81.4
user_1125,53,Male,UK,M.S,7.9,Mobile,No,1,8,96.4
user_0597,38,Male,Australia,High School,17.2,Mobile,false,4,3,81.6
user_0756,42,Other,Australia,B.Tech,3.2,Mobile,No,5,12,45.7
user_1128,57,Male,Australia,Master,,Mobile,Yes,3,11,75.2
user_0888,55,Woman,USA,  PhD  ,,Desktop,Yes,5,13,75.8
user_0372,32,Other,Canada,Master,15.7,Desktop,Yes,1,4,63.0
user_0307,45,Female,Canada,Other,8.2,Desktop,No,4,3,80.6
user_1097,29,Other,Canada,PhD,10.5,Tablet,No,1,13,100.0
user_0011,41,Other,Australia,High School,12.5,Desktop,No,,6,95.6
user_0536,59,Other,India,Phd,15.8,Tablet,Yes,1,12,54.8
user_0429,50,Others,Australia,Bachelor,12.0,Tablet,No,1,1,
user_0722,32,Female,,PhD,14.5,Tablet,Yes,4,4,71.9
user_0060,35,Other,UK,High School,14.4,Mobile,No,4,7,96.5
user_0877,23,Male,USA,Other,16.9,Desktop,Yes,1,7,81.2
user_0064,53,Male,USA,Other,13.8,tablet,Yes,5,9,64.6
user_0891,53,Female,UK,Master,1.2,DESKTOP,Yes,1,6,55.2
user_0960,50,Male,UK,High School,5.7,Tablet,No,3,10,48.3
user_0731,34,Other,Australia,PhD,13.3,Mobile,Yes,3,12,55.9
user_0908,34,Other,India,Master,7.2,Mobile,Yes,1,14,
user_1191,28,Other,UK,PhD,17.9,Mobile,yes,5,5,43.9
user_0333,40,Other,Australia,High School,15.7,Desktop,yes,2,8,41.2
user_1139,53,Other,India,Bachelor,8.5,Desktop,No,3,14,53.7
user_0324,35,Male,  Canada  ,Other,14.6,Tablet,No,1,7,51.6
user_0298,47,Other,India,High School,2.3,Desktop,No,4,12,82.6
user_0936,38,Other,USA,Other,14.1,Tablet,No,,6,64.3
user_0953,55,Female,Australia,High School,9.0,Desktop,No,2,5,
user_0542,40,Other,UK,High School,14.4,Desktop,No,5,3,86.7
user_0084,26,Male,Australia,High School,18.9,Desktop,No,3,9,47.0
user_0130,30,Male,Australia,PhD,5.8,Desktop,Yes,3,7,91.9
user_1082,25,Female,UK,Other,3.6,Desktop,No,5,12,88.3
user_0480,24,Other,UK,Bachelor,12.3,Mobile,No,5,14,
user_0941,43,Female,Australia,High School,7.4,Tablet,Yes,1,7,94.8
user_1088,51,Male,UK,Other,5.1,Desktop,Yes,2,8,82.3
user_0261,55,Male,Australia,M.S,17.8,Mobile,Yes,3,10,70.2
user_1122,21,Male,India,High School,11.8,Phone,No,4,6,43.5
user_0669,38,Female,Australia,Other,18.5,Mobile,Yes,1,11,73.6
user_0919,28,Other,USA,PhD,20.0,Tablet,No,1,14,78.4
user_1176,28,Male,UK,Master,3.7,Tablet,Yes,1,1,43.2
user_0139,32,Female,India,Master,18.4,Desktop,No,2,7,74.3
user_0966,23,Male,UK,High School,11.2,  Mobile  ,No,,7,97.7
user_0142,30,Other,Canada,High School,16.0,Desktop,No,3,12,84.8
user_0571,23,Other,Australia,Other,9.9,Desktop,Yes,2,5,81.4
user_0585,25,Male,USA,Bachelor,10.7,Mobile,Yes,,14,41.7
user_0591,45,Female,India,Master,18.7,Tablet,No,5,9,
user_0140,46,Female,Australia,PhD,,Tablet,No,2,2,
user_0895,23,Male,,Other,,  Tablet  ,No,1,12,58.3
user_0998,46,Other,UK,Master,14.9,Tablet,Yes,2,4,43.4
user_0225,50,Male,India,Master,6.9,Desktop,Yes,4,14,80.8
user_0411,29,Other,Australia,PhD,6.9,Tablet,No,5,14,65.6
user_0275,53,Female,Canada,Other,,Tablet,Yes,4,8,97.7
user_0299,50,female,Canada,PhD,14.9,Tablet,true,4,3,68.9
user_0414,54,Male,UK,Master,,Desktop,Yes,5,8,68.5
user_0600,28,Other,UK,PhD,200,Mobile,Yes,5,5,47.3
user_0391,45,Other,Australia,Bachelor,15.2,Phone,No,3,6,52.0
user_0701,20,Other,USA,master,18.3,Mobile,No,4,1,47.9
user_0645,23,Male,USA,PhD,14.5,Mobile,No,5,5,91.6
user_0696,48,Other,India,Other,,Tablet,Yes,,7,82.9
user_1178,51,Male,India,Other,17.6,Tablet,Yes,4,4,89.0
user_0514,36,Other,India,B.Tech,10.0,Tablet,Yes,1,3,90.2
user_0603,52,Other,Australia,  PhD  ,11.6,Desktop,No,4,2,64.6
user_0856,57,Other,UK,Other,18.1,Tablet,No,4,6,64.2
user_0993,30,Female,USA,Master,5.1,Desktop,Yes,1,7,76.6
user_0618,49,Male,USA,High school,12.2,Tablet,Yes,3,3,47.6
user_0329,57,Female,UK,Other,4.0,Mobile,Yes,3,12,53.6
user_0705,47,Female,Canada,Master,11.3,Tablet,Yes,4,7,91.6
user_0880,36,Female,Canada,Other,8.2,Tablet,No,3,6,81.4
user_0910,28,Male,Australia,Bachelor,5.0,Desktop,Yes,1,1,67.6
user_0040,42,Other,USA,PhD,4.9,Desktop,No,1,14,59.4
user_0031,32,Male,UK,HIGH SCHOOL,1.2,Tablet,Yes,5,100,75.1
user_0243,18,Male,Canada,Bachelor,1.4,Tab,No,3,5,87.6
user_0989,22,Female,Australia,PhD,14.8,Tablet,True,2,13,90.2
user_0137,40,Male,Australia,Bachelor,7.3,PC,Yes,5,8,48.1
user_0311,52,Other,India,B.Tech,13.0,Tablet,Yes,4,5,70.7
user_1102,27,Male,Australia,High School,18.2,Desktop,No,3,7,48.8
user_1050,37,Male,USA,PhD,4.3,Tablet,Yes,,5,51.1
user_0004,25,FEMALE,Canada,P.H.D,1.4,Desktop,No,,1,99.9
user_0582,45,Male,UK,Bachelor,18.2,Mobile,yes,1,11,76.8
user_0630,45,male,India,Master,19.0,Tablet,No,4,1,46.2
user_1058,28,f,Australia,Bachelor,17.6,Tablet,Yes,,11,41.4
user_0423,33,Woman,India,Bachelor,8.4,Tablet,No,3,2,74.0
user_0858,53,Female,Canada,MSc,9.4,Tablet,No,3,6,45.4
user_0775,29,Female,USA,Other,,Mobile,No,2,4,49.5
user_0755,21,Other,USA,Other,10.2,Tablet,Yes,5,13,58.1
user_0315,46,Male,India,Other,12.0,Tablet,No,2,10,62.0
user_0487,53,Male,India,Master,14.1,Tablet,Yes,3,4,
user_0320,49,Female,India,Other,13.9,Desktop,No,2,4,50.0
user_1169,54,Other,USA,High School,,Tablet,No,4,2,50.9
user_0683,36,Female,India,HIGH SCHOOL,15.2,Desktop,No,2,4,96.0
user_0006,56,Other,Canada,Bachelor,4.6,Tablet,Yes,-1,3,90.1
user_0101,26,Female,UK,Other,19.9,Desktop,No,1,12,69.1
user_0666,58,Female,Australia,Other,15.7,Mobile,No,3,1,62.8
user_0623,41,Male,Australia,Master,8.2,Mobile,No,2,6,96.0
user_1175,44,Other,USA,Bachelor,15.3,Tablet,No,2,10,87.9
user_0846,23,Male,,Other,15.7,Mobile,Yes,2,12,74.7
user_0981,50,Non-binary,USA,Other,2.0,Tablet,Yes,5,5,47.5
user_0728,32,Female,India,Bachelor,1.1,Mobile,No,4,13,88.7
user_0977,44,Other,USA,Other,5.9,Desktop,Yes,5,13,52.8
user_0228,35,Male,Canada,Other,6.1,Tablet,No,5,1,64.5
user_0680,54,Male,UK,High School,18.6,Desktop,Yes,1,1,48.1
user_0549,34,Male,Australia,PhD,1.1,Mobile,No,3,11,61.9
user_0667,52,Other,USA,Master,18.4,Desktop,Yes,2,1,70.1
user_0718,55,Male,India,PhD,9.6,Tablet,No,5,13,66.0
user_0067,32,Female,Australia,Master,5.7,Tablet,No,1,2,51.5
user_0068,25,Male,UK,Master,,Tablet,Yes,2,7,87.4
user_1044,55,Male,Canada,Other,9.3,Tablet,Yes,2,6,
user_0212,33,Female,Canada,Other,,Desktop,No,1,8,60.7
user_0013,57,Other,Australia,Master,7.8,MOBILE,Yes,5,5,44.5
user_0530,42,Other,Australia,Master,,Tablet,Yes,5,11,71.6
user_0784,47,Male,India,Other,5.3,Desktop,0,5,11,94.8
user_0300,45,Female,USA,Other,,Tablet,No,1,11,71.2
user_0452,41,Male,UK,Bachelor,19.5,Mobile,Yes,5,14,64.8
user_0886,43,female,Canada,Master,15.8,Mobile,1,2,6,98.2
user_1099,29,female,India,Bachelor,11.2,Mobile,No,2,11,50.1
user_0974,50,Male,UK,High School,4.1,Mobile,No,5,4,44.7
user_0622,29,Female,Canada,PhD,2.0,Mobile,No,2,8,55.9
user_1162,35,Female,Canada,Bachelor,8.8,Tablet,Yes,5,1,52.8
user_0377,56,Female,Australia,Bachelor,6.0,Desktop,Yes,1,9,
user_0552,30,Female,UK,HIGH SCHOOL,9.4,Tablet,Yes,3,6,44.5
user_0118,20,Non-binary,Canada,PhD,5.1,Mobile,False,2,1,67.0
user_1144,38,Female,Australia,PhD,2.1,Mobile,No,5,8,98.8
user_0594,55,Non-binary,USA,PhD,3.5,Tablet,No,3,9,94.5
user_0486,38,Female,Australia,Phd,5.7,Desktop,No,2,6,40.0
user_0274,58,Other,Australia,Other,,Desktop,No,3,10,57.1
user_0399,18,Male,India,High School,13.8,Mobile,Yes,5,,
user_0363,19,Male,Australia,Master,6.3,Tablet,Yes,4,6,96.6
user_0238,52,Other,Canada,Master,15.3,Mobile,No,4,4,57.2
user_0507,58,Male,UK,Bachelor,13.7,Laptop,No,3,7,
user_0003,32,Male,Canada,Master,4.6,Desktop,No,2,9,44.0
user_0007,36,Other,India,High School,8.8,Tablet,Yes,1,6,61.9
user_0312,58,Male,UK,High School,2.8,Tablet,Yes,2,13,
user_1053,54,Female,India,High School,18.4,Mobile,Yes,3,7,60.9
user_0378,21,Female,Canada,Other,8.9,Desktop,Yes,,3,65.3
user_0644,52,Female,Canada,Phd,8.1,Tab,No,,5,43.1
user_0808,32,Male,USA,Bachelor,3.6,Mobile,No,2,12,74.4
user_0216,53,Other,,Masters,7.6,Tablet,Yes,3,10,40.2
user_0576,27,Male,India,High School,3.2,Mobile,No,2,12,42.6
user_0028,59,Male,Canada,High school,,Mobile,No,2,8,66.5
user_1182,31,Male,India,PhD,12.8,Mobile,No,4,,45.4
user_0440,49,Male,USA,High School,9.8,Desktop,Yes,4,5,
user_0495,35,Male,  USA  ,PhD,3.4,Tablet,Yes,5,5,54.5
user_0817,43,Other,USA,High School,11.6,Tablet,No,2,,79.3
user_0831,25,Other,India,Master,13.9,Desktop,Yes,2,14,69.8
user_0498,41,Other,USA,Bachelor,14.1,Tablet,No,1,10,84.9
user_0766,35,Other,USA,Bachelor,5.1,Mobile,0,5,13,57.0
user_0808,32,Male,USA,Bachelor,3.6,Mobile,No,2,12,74.4
user_0355,25,Male,Australia,Master,11.4,Mobile,No,3,12,51.6
user_1074,41,Female,Australia,Bachelor,14.5,TABLET,No,2,5,49.8
user_0439,36,Female,USA,High School,17.4,Desktop,No,2,7,71.9
user_0257,41,Male,,Other,12.6,TABLET,No,1,13,99.4
user_0292,55,Male,India,PhD,10.8,Tablet,No,99,6,87.7
user_0026,42,Female,UK,High School,12.4,Desktop,No,5,1,70.2
user_0337,19,Female,Canada,PhD,6.8,Tablet,Yes,2,2,94.6
user_0746,28,Female,Australia,High School,6.7,Mobile,Yes,4,13,63.2
user_0048,25,Female,UK,PHD,14.1,Mobile,Yes,5,1,65.2
user_0319,38,Female,USA,High School,7.7,Mobile,Yes,2,4,94.9
user_0107,41,m,Canada,Masters,13.4,Desktop,No,5,13,73.4
user_0851,48,Female,USA,High School,13.9,Tablet,Yes,2,7,46.0
user_0056,23,Male,Australia,Bachelor,9.7,Tablet,Yes,5,3,56.2
user_0561,55,Male,UK,PhD,19.8,Mobile,no,3,2,
user_0214,20,Female,USA,High School,6.6,Mobile,Yes,2,11,73.8
user_0121,43,Female,UK,Other,,Tab,Yes,4,2,69.7
user_0590,30,Other,India,High School,,Mobile,Yes,3,8,95.1
user_0524,48,Male,Canada,PhD,4.0,Desktop,no,2,14,63.0
user_0758,49,Other,USA,Other,19.0,MOBILE,No,1,9,76.4
user_0073,33,Other,USA,Other,5.0,Desktop,No,2,4,84.9
user_0632,54,Other,Canada,High School,12.6,Desktop,No,1,14,93.4
user_0781,26,Male,India,Master,7.9,Tablet,No,3,12,56.5
user_0528,52,Male,UK,PHD,1.4,Desktop,Yes,2,7,69.2
user_0527,22.0,Female,Canada,Other,5.2,Mobile,Yes,2,3,
user_0937,54,Other,UK,High School,7.5,Tablet,Yes,2,8,53.5
user_0995,53,Female,USA,Other,6.6,Mobile,No,2,11,57.1
user_0579,56,Male,USA,Other,14.3,Tablet,Yes,4,3,40.5
user_0589,20,Other,Canada,Master,8.7,phone,No,1,14,83.2
user_0944,59,Male,Australia,Other,16.8,Desktop,Yes,3,12,63.0
user_1027,44,Other,Canada,Master,16.4,Mobile,Yes,3,13,54.2
user_0326,59,Male,Australia,Master,13.6,Mobile,No,1,10,66.9
user_0537,56,Male,Australia,High School,2.5,Mobile,Yes,1,5,94.0
user_0969,24,Female,USA,PhD,3.5,Mobile,False,4,11,46.6
user_0317,52,Female,India,ph.d,200,TABLET,Yes,4,2,49.6
user_1141,24,Male,USA,Bachelor,3.9,Tablet,Yes,2,11,55.3
user_0870,55,Male,Canada,Other,10.8,Mobile,No,5,8,41.5
user_0553,57,Other,India,Master,19.7,tab,0,4,6,70.2
user_0715,56,Female,UK,High School,11.3,Tablet,Yes,5,9,76.8
user_1048,23,Other,Canada,High School,18.3,Tablet,No,5,10,82.4
user_0674,48,Other,UK,M.S,11.8,Tablet,No,4,5,72.5
user_0573,36,Other,USA,Master,11.6,Smartphone,No,5,12,61.4
user_0061,43,Other,USA,High School,8.1,Desktop,No,2,9,84.4
user_0754,57,f,UK,High School,4.3,Tablet,No,,5,92.5
user_0093,52,Male,  Australia  ,Bachelor,7.2,Tablet,No,4,5,46.1
user_0901,30,Female,India,MSc,18.1,Mobile,No,5,3,63.4
user_0433,27,Female,Australia,PhD,8.1,Mobile,No,4,9,89.2
user_0352,53,Female,Canada,Master,9.6,Desktop,Yes,2,7,60.4
user_0979,46,male,Canada,Other,2.7,Mobile,Yes,2,3,72.6
user_0281,37,Female,Australia,Other,1.3,Desktop,No,1,4,53.2
user_0463,27,Male,Australia,Master,2.2,Mobile,Yes,4,11,90.6
user_0515,53,Female,USA,Other,2.0,Tablet,No,1,10,
user_0360,32,Female,India,Master,11.0,Tablet,No,5,10,52.4
user_0465,30,Male,,PhD,1.5,Mobile,No,5,,65.8
user_0574,56,Male,Canada,Master,14.1,Desktop,Yes,1,1,75.5
user_0874,25,Male,Australia,Other,19.4,Mobile,false,1,12,43.7
user_1180,59,Other,Canada,B.Tech,3.0,Tablet,Yes,4,2,93.2
user_0651,47,Female,Canada,PhD,5.3,Mobile,No,3,,62.7
user_0757,20,Female,,PhD,14.0,Tablet,No,2,11,85.5
user_0183,34,Female,USA,PhD,16.7,Mobile,No,5,5,67.6
user_0671,45,Female,India,PhD,12.6,Tablet,Yes,2,6,70.3
user_0535,56,Female,USA,Other,18.1,Tablet,Yes,5,3,88.2
user_0111,200,Male,UK,High School,1.6,laptop,No,5,12,79.9
user_0371,23,Woman,UK,MSc,15.9,Tablet,Yes,4,5,95.8
user_0240,33,Female,USA,Master,7.2,Desktop,Yes,5,2,49.6
user_0740,41,Male,India,Other,5.7,Mobile,1,3,9,51.4
user_0658,38,Male,USA,Bachelor,,Desktop,No,2,9,70.1
user_0621,55,Other,USA,High School,12.4,Mobile,No,5,6,86.5
user_0205,23,F,UK,PhD,8.8,Mobile,Yes,2,5,-10
user_1092,41,Male,UK,Bachelor,10.0,Desktop,No,5,4,61.2
user_0845,23,Other,UK,PhD,10.7,Desktop,Yes,3,5,69.6
user_0262,57,Female,Canada,PhD,,Mobile,NO,3,6,59.0
user_1142,49,Female,Canada,PhD,9.2,Mobile,No,3,10,95.1
user_0678,40,Other,UK,PhD,17.3,Tablet,Yes,5,8,96.8
user_0340,57,Other,Australia,Master,8.3,Desktop,Yes,3,2,94.5
user_0797,31,Female,USA,Other,16.1,Desktop,No,5,3,66.6
user_1094,55,Other,India,Bachelor,14.1,Tablet,No,3,14,97.0
user_1114,57,Female,USA,Master,16.0,Mobile,No,5,,79.5
user_0184,19,Other,Australia,Other,5.1,Mobile,No,5,7,89.1
user_0138,56,Female,USA,Other,17.4,Tablet,No,5,2,57.8
user_0852,41,Other,Canada,Master,18.9,Desktop,No,1,9,76.3
user_0738,34,Male,Canada,Master,9.8,Mobile,No,1,12,66.7
user_0661,39,Female,UK,High School,16.1,Tablet,No,3,3,86.8
user_0081,18,Other,India,Other,8.3,Desktop,No,2,2,62.0
user_0923,52,Female,UK,Other,6.8,Mobile,No,2,0,60.4
user_0830,51,Female,Canada,Other,1.3,Mobile,No,4,9,42.5
user_1089,58,Male,USA,Master,3.5,Tablet,No,3,4,75.3
user_0030,33,Other,USA,Master,,Desktop,Yes,1,4,71.3
user_1076,52,Male,,Bachelor,5.7,Tablet,No,5,3,48.8
user_0472,43,Male,Australia,High School,19.1,Mobile,Yes,,10,45.0
user_0166,25,Male,India,Bachelor,3.1,Mobile,true,5,5,61.1
user_0249,58,Female,  Australia  ,bachelor,19.6,Mobile,No,4,7,46.8
user_0308,47,others,USA,High School,16.8,Mobile,No,1,12,64.3
user_0799,19,Other,Canada,Other,15.9,Tablet,Yes,2,100,54.8
user_0873,28,Male,UK,Other,7.0,Mobile,false,1,6,56.7
user_0347,52,Female,Australia,M.Tech,15.2,Tablet,Yes,5,11,74.7
user_0335,44,Male,Australia,High School,,Mobile,Yes,2,11,77.7
user_0286,50,Male,USA,Bachelor,4.5,Tablet,Yes,4,10,
user_0997,32,Male,Australia,Bachelor,11.4,Tablet,Yes,3,7,87.2
user_0098,58.0,Other,UK,High School,16.5,Desktop,No,1,9,83.5
user_0584,45,Other,India,Other,16.5,Mobile,Yes,4,1,44.0
user_1061,27,Female,Canada,Other,4.1,Tablet,Yes,5,10,87.3
user_1193,57,Male,Australia,Master,19.6,Mobile,Yes,3,,70.2
user_0629,25,Female,India,High School,5.5,Desktop,Yes,4,12,
user_0711,38,Male,Australia,Bachelor,7.0,Tablet,Yes,,10,42.8
user_0815,56,Female,UK,Master,4.0,Desktop,No,1,10,43.0
user_1187,35,Female,USA,PhD,16.0,Mobile,No,4,4,68.3
user_0907,26,Female,Canada,High School,14.2,Mobile,No,4,11,79.8
user_0719,51,Male,USA,Master,4.8,Desktop,Yes,2,13,89.2
user_0066,48,Male,India,Bachelor,999,Mobile,Yes,2,3,42.9
user_1161,21,Female,UK,Master,3.7,Tablet,No,1,14,65.2
user_0778,31,Female,India,High School,15.8,Tablet,Yes,,14,78.4
user_0595,23,Male,USA,Other,17.2,Mobile,Yes,1,8,88.3
user_1108,54,Other,USA,High School,8.2,Mobile,No,5,7,
user_1123,24,Other,UK,PhD,8.1,Phone,Yes,2,3,47.1
user_0303,36,Female,Australia,Bachelor,8.0,Tablet,No,2,7,52.9
user_0255,41,Male,Canada,Bachelor,19.1,Tab,Yes,1,13,84.2
user_1006,30,Female,Canada,Other,9.9,Desktop,No,1,8,56.4
user_0978,53,Female,Canada,High School,2.7,Mobile,Yes,1,7,80.1
user_0313,54,Female,India,Bachelor,3.0,Desktop,No,5,2,94.2
user_0554,59,Female,UK,High School,8.5,Desktop,false,5,11,51.0
user_0222,49,Other,Australia,Master,12.1,Mobile,Yes,1,3,91.7
user_0478,51,Other,Canada,Bachelor,15.1,Tablet,Yes,2,12,77.3
user_0389,34,Male,UK,Master,13.7,Desktop,No,4,11,65.0
user_0236,47,F,UK,Bachelor,13.9,Desktop,Yes,1,8,74.3
user_0849,28,Female,India,Master,13.3,Desktop,Yes,3,4,80.5
user_0523,31,Female,India,High School,1.2,Mobile,Yes,5,4,96.0
user_0744,19,Male,Australia,Bachelor,15.4,Desktop,Yes,4,11,44.8
user_0306,34,Male,UK,Master,18.7,DESKTOP,Yes,5,7,52.8
user_0807,52,Female,Australia,High School,11.9,Mobile,Yes,3,10,51.3
user_0962,31,Other,Canada,Master,7.9,Tablet,No,1,13,69.8
user_0250,52,Male,USA,Master,10.7,Mobile,No,2,1,92.2
user_0794,43.0,Female,India,Bachelor,11.7,Desktop,Yes,1,2,99.4
user_0072,38,Other,USA,High School,12.6,Tablet,No,,5,91.3
user_0095,22,Male,Australia,High School,2.6,Tab,Yes,3,999,52.0
user_0844,38,Male,India,Bachelor,5.5,Mobile,No,5,12,62.4
user_0034,24,Female,USA,Other,3.0,Desktop,No,3,12,82.8
user_0804,40,Other,Canada,PhD,10.9,Desktop,No,1,13,51.6
user_0449,49,Male,Canada,High School,13.0,Desktop,Yes,2,12,51.9
user_0446,33,Male,India,Other,17.4,Mobile,No,1,4,61.7
user_1046,44,Other,Australia,Bachelor,2.1,Tablet,No,5,5,66.6
user_0932,54,Other,Canada,Bachelor,,Mobile,No,2,2,76.2
user_0712,31,f,Canada,Master,17.1,Mobile,Yes,1,14,72.6
user_0078,58,Female,UK,Other,8.1,Mobile,No,3,13,74.9
user_0085,41,Other,India,Master,5.2,  Tablet  ,No,2,10,47.7
user_0672,34,MALE,UK,PhD,4.8,Desktop,No,3,4,150
user_0083,24,Other,UK,High School,11.3,Desktop,Yes,3,,71.4
user_0458,29,Female,Australia,PhD,4.9,Desktop,No,4,6,42.3
user_0771,23,Other,India,Other,10.9,Tablet,No,5,6,46.4
user_0437,48,Female,USA,Other,9.4,Tablet,Yes,5,12,82.2
user_0616,29,Female,Canada,Other,10.9,Desktop,Yes,1,7,77.6
user_0935,52,Other,Canada,Bachelor,14.8,Desktop,False,3,3,76.5
user_0405,-1,other,India,High School,19.3,Mobile,No,5,14,64.2
user_1069,31,FEMALE,India,High School,,Mobile,Yes,4,4,94.6
user_0635,44,Male,USA,PhD,12.2,Tablet,No,1,13,
user_0677,20,Other,USA,PhD,11.6,DESKTOP,Yes,1,7,95.9
user_0105,50,Male,UK,Other,14.3,Mobile,Yes,4,,88.5
user_0963,57,Other,Australia,  PhD  ,11.8,Tablet,Yes,4,14,64.2
user_1086,27,Female,UK,Other,1.7,Desktop,No,5,12,86.3
user_0063,27,Other,Australia,High School,9.6,Mobile,No,4,8,80.1
user_0282,25,Female,India,Master,6.3,Desktop,Yes,5,2,67.9
user_0747,40,Other,India,Master,3.0,Mobile,No,3,7,69.1
user_0239,24,Female,India,Master,4.9,PC,No,4,9,56.8
user_0224,58,Other,,Master,5.0,Desktop,no,2,8,99.7
user_0146,45,Other,Canada,Master,16.8,Mobile,No,1,1,84.7
user_1143,44,Other,UK,Highschool,15.3,Mobile,No,5,11,90.3
user_0374,50,Other,Canada,Other,,Tablet,No,4,14,93.8
user_0119,18,Other,Australia,Other,12.3,Desktop,Yes,4,8,85.4
user_0842,50,Female,Canada,Bachelor,17.1,Tablet,No,5,8,91.0
user_0251,36,F,India,Other,3.2,Desktop,Yes,1,7,78.2
user_1181,47,Other,UK,High School,13.2,Mobile,No,5,13,89.6
user_0010,28,  Other  ,India,Other,17.7,Tablet,Yes,4,,94.1
user_0450,44,Other,Australia,High School,2.0,Tablet,Yes,5,11,76.1
user_0918,31,Female,  UK  ,High School,15.8,Mobile,false,2,9,47.6
user_0390,36,Female,Canada,Master,2.8,Desktop,false,3,2,98.7
user_0653,50,Male,UK,Master,9.9,Tablet,Yes,3,4,45.8
user_0946,35,Female,Canada,PhD,6.8,Desktop,Yes,4,10,79.0
user_0558,22,Female,Australia,Other,4.6,Tablet,No,3,13,84.3
user_0461,50,Female,Canada,PhD,9.6,Mobile,No,3,8,
user_1129,24,Female,USA,PhD,2.6,Mobile,Yes,2,1,75.6
user_0145,39,Other,USA,Bachelor,13.1,Tablet,0,5,4,59.9
user_0502,29,Male,India,High School,15.7,Desktop,Yes,1,12,87.6
user_1132,39,Male,Australia,Other,7.6,Mobile,Yes,1,8,56.4
user_0540,22,Male,Canada,Master,2.9,Tablet,Yes,5,1,71.2
user_0178,29,Female,Australia,Other,,DESKTOP,No,4,14,57.7
user_1183,35,Female,USA,High School,17.2,Desktop,NO,2,8,71.3
user_0729,47,Other,UK,Bachelor,2.1,Desktop,No,3,13,91.2
user_0611,18,Male,India,Bachelor,11.9,Mobile,No,3,2,80.3
user_1122,21,  Male  ,India,High School,11.8,Phone,No,4,6,43.5
user_0008,40,other,India,Other,,Desktop,No,4,10,90.5
user_0583,37,Male,UK,Other,17.9,Desktop,No,5,4,55.7
user_0885,18,Female,Australia,PhD,1.8,Desktop,No,3,7,80.2
user_0358,29,Male,India,Bachelor,15.2,Desktop,No,,9,55.9
user_0330,41,Male,USA,Master,5.9,Mobile,Yes,2,8,95.9
user_0736,34,Male,India,Bachelor,18.9,Mobile,No,2,4,42.6
user_0909,26,Male,USA,BACHELOR,5.4,Tablet,True,3,11,57.2
user_0259,25,Female,Canada,PhD,13.8,Mobile,No,4,9,61.3
user_0912,41,Male,Canada,Bachelor,16.6,Desktop,No,2,7,-5
user_0936,38,Other,USA,Other,14.1,Tablet,No,,6,64.3
user_0812,27,Female,USA,PhD,2.5,  Mobile  ,Yes,2,1,71.1
user_1016,23,Other,Canada,PhD,14.2,Tablet,Yes,2,9,77.9
user_1111,35,Male,USA,High School,16.4,TABLET,Yes,1,7,91.0
user_0526,33,Other,Australia,High School,,Tablet,No,1,9,41.2
user_0865,28,Other,Australia,PhD,11.6,Tablet,No,4,5,45.7
user_1194,29,male,Canada,Other,12.8,Mobile,No,5,5,90.1
user_0786,43,Female,India,MSc,15.9,Mobile,No,2,7,57.9
user_1165,43,Male,India,Master,4.9,Tablet,1,1,3,50.3
user_0441,18,Male,USA,High School,18.9,Desktop,Yes,1,2,97.2
user_0532,53,Male,India,Other,,Tablet,Yes,2,10,69.0
user_1007,25,Male,USA,PhD,6.0,TABLET,Yes,2,1,40.5
user_0229,57,Female,UK,Bachelor,,Mobile,No,2,5,57.2
user_1145,20,Female,USA,High School,2.7,Desktop,false,3,5,73.8
user_0213,46,Male,Australia,high school,16.0,Tablet,No,5,5,49.7
user_0080,32,Female,India,High School,12.9,Mobile,No,4,4,75.8
user_0149,23,Female,UK,Other,3.7,Mobile,Yes,5,9,60.7
user_0619,33,Male,Australia,Bachelor,15.3,Desktop,Yes,5,1,96.7
user_0739,37,Female,Australia,Master,17.4,Desktop,Yes,3,5,55.4
user_0724,51,Other,Canada,Other,7.5,Mobile,0,1,8,42.8
user_0134,21,Female,UK,PhD,9.1,Desktop,No,,8,65.1
user_0819,34,Other,Canada,Bachelor,16.9,Mobile,No,4,2,96.6
user_0409,46,Other,India,High School,1.3,Mobile,No,1,14,59.2
user_0702,29,Other,Canada,Other,7.5,Tablet,No,5,10,58.1
user_0508,47,Male,India,Bachelor,17.9,Desktop,Yes,2,7,49.1
user_0921,51,Female,Australia,High School,9.7,Desktop,No,2,4,48.1
user_0505,42,Other,Canada,Other,9.3,Desktop,Yes,3,3,42.4
user_0887,31,Other,Australia,Master,8.6,Tablet,No,2,9,50.5
user_0348,42,m,Canada,High School,11.6,Desktop,Yes,1,12,97.5
user_0387,47,Other,,M.Tech,15.0,Mobile,No,2,1,91.1
user_0001,56,Male,UK,High School,5.7,Desktop,No,,10,87.6
user_0361,45,Male,UK,PhD,16.7,Desktop,Yes,3,11,59.3
user_1158,21,Female,Canada,High School,1.7,Desktop,No,1,14,58.8
user_0476,27,Male,Canada,Other,13.2,Mobile,No,5,7,94.7
user_0814,34,Female,USA,M.S,16.1,Mobile,No,5,7,54.0
user_0788,18,Other,India,PhD,12.7,Tablet,No,4,10,41.9
user_0173,32,Male,UK,Master,9.5,  Tablet  ,Yes,1,7,73.7
user_0451,37,Other,Canada,Bachelor,13.2,Desktop,No,2,2,43.6
user_0126,32,Male,Canada,High School,6.4,Desktop,No,1,12,93.8
user_0668,18,Female,Canada,Master,4.6,mobile,Yes,2,9,76.3
user_0531,38,Male,UK,PhD,7.7,Desktop,No,2,8,95.8
user_0091,25,Other,USA,Other,10.5,Mobile,YES,3,1,54.9
user_1186,23,Female,Australia,PhD,15.9,Tablet,Yes,1,14,94.7
user_0182,54,Male,India,High School,17.6,Desktop,Yes,4,,58.2
user_0975,47,Male,India,Highschool,5.2,Tablet,Yes,2,12,44.4
user_0415,39,Female,USA,PhD,14.4,Tablet,No,2,6,59.0
user_0252,33,Male,USA,Other,15.5,Mobile,No,3,1,49.9
user_0070,40,Female,Australia,Bachelor,,Tablet,No,3,5,58.1
user_0132,56,Other,  India  ,Bachelor,,Desktop,No,2,14,50.7
user_0301,50,Other,India,Master,14.4,Desktop,No,4,11,98.5
user_0862,19,Male,UK,Bachelor,6.3,Tablet,No,5,3,73.7
user_0327,48,Male,Canada,Other,7.6,Desktop,No,3,3,75.9
user_1199,53,Other,Canada,PhD,19.5,Tablet,No,3,4,62.5
user_0500,49,Male,USA,Other,12.8,Desktop,Yes,3,4,89.0
user_0694,51,Other,Australia,Other,,Tablet,No,2,4,76.7
user_0964,57,Female,UK,Master,1.1,Tablet,1,4,7,80.7
user_0496,56,Female,Canada,PhD,4.8,Tablet,No,4,3,44.7
user_0339,34,Female,Canada,Master,14.5,Tablet,Yes,2,14,44.3
user_1011,18,Male,India,High School,14.9,phone,Yes,5,4,99.2
user_0165,23,Other,Canada,Other,18.6,Mobile,no,1,7,62.4
user_0029,45,Others,USA,PhD,18.9,Tablet,No,3,10,60.0
user_0517,58,Male,USA,Master,2.4,Tablet,No,4,3,72.3
user_0194,43,Male,USA,PhD,16.7,Tablet,Yes,5,2,64.9
user_0662,44,Other,Canada,Bachelor,15.3,Tablet,Yes,5,11,86.3
user_0949,56,Male,USA,High School,6.3,Tablet,No,5,,89.1
user_0170,50,Male,India,High School,15.2,Tablet,No,2,9,53.1
user_0821,37,Female,Canada,High School,18.3,Tablet,No,6,10,81.6
user_0174,49,Other,Canada,Master,16.3,Tablet,No,1,9,84.5
user_0519,29,Female,UK,Other,11.1,Tablet,Yes,3,9,87.0
user_0965,56,Other,UK,Bachelor,2.2,Desktop,Yes,5,1,65.3
user_0733,46,Female,India,Other,4.4,Tablet,No,2,11,59.2
user_0492,52,Female,India,High School,8.1,Mobile,Yes,3,7,51.5
user_0074,35,Male,USA,Other,18.8,Tablet,Yes,2,13,56.3
user_1170,59,Male,UK,High School,4.8,Tablet,Yes,5,5,60.4
user_0588,18,Female,Canada,Bachelor,17.5,PC,Yes,1,1,65.0
user_0235,48,Male,India,Other,17.6,Tablet,Yes,4,6,90.2
user_0215,37,Male,Canada,PhD,11.3,Tablet,Yes,3,11,
user_0994,48,Male,Canada,High School,5.0,Tablet,No,3,9,89.2
user_0133,49,Other,USA,Bachelor,15.6,Tablet,Yes,5,14,54.4
user_0813,56,Female,India,Bachelor,18.0,Mobile,No,1,9,61.1
user_0765,22,Female,India,PhD,1.9,Desktop,No,1,14,72.7
user_0987,19,Female,Canada,Bachelor,17.5,Tablet,Yes,3,7,76.4
user_0186,45,Female,Australia,Bachelor,15.9,Desktop,No,1,13,72.7
user_0042,26,Female,USA,Other,2.4,Tablet,No,2,9,
user_0109,52,Female,Canada,Other,2.0,Mobile,No,4,6,64.7
user_0933,31,Man,USA,Master,9.4,Desktop,No,2,5,92.3
user_0569,21.0,Other,USA,High School,1.3,Tab,No,4,7,45.5
user_0679,54.0,Other,Australia,High School,16.9,Desktop,Yes,2,8,62.1
user_1038,22,Other,Australia,Other,3.4,phone,No,5,7,85.2
user_1179,45,Other,Australia,Master,6.9,Tablet,Yes,5,12,67.9
user_0484,53,Female,India,High School,,Mobile,Yes,2,5,62.6
user_0469,52,Male,UK,Master,14.0,Desktop,No,4,14,96.8
user_0025,39,Female,Canada,Other,15.9,Mobile,Yes,1,13,73.5
user_1200,58,Female,Canada,High School,,Mobile,No,2,10,44.7
user_0709,32,Other,USA,Master,6.3,Tablet,False,99,7,40.6
user_1032,44,Other,USA,Master,,Mobile,No,4,3,95.5
user_1036,21,Other,UK,Other,13.2,Tablet,Yes,1,2,68.8
user_0367,42,Male,,High School,,Mobile,Yes,4,12,49.0
user_0882,50,Female,India,Bachelor,6.4,Tablet,No,3,7,64.3
user_1152,26,Male,Australia,High school,13.6,Mobile,Yes,4,9,93.6
user_0384,33.0,Male,India,PhD,9.2,Desktop,No,1,1,43.1
user_0455,50,Male,USA,PhD,,Desktop,No,2,8,84.9
user_0265,42,Other,USA,high school,14.9,Desktop,No,4,10,96.3
user_1110,26,Female,UK,PhD,16.1,Mobile,Yes,4,2,69.9
user_0233,42,Male,Canada,PhD,8.9,Tab,No,4,1,40.1
user_0445,41,Other,USA,Masters,7.9,Mobile,No,5,3,90.6
user_0396,26,Other,Australia,PhD,18.2,Tablet,Yes,4,4,94.7
user_0876,22,Female,UK,High School,6.9,Tablet,No,4,2,
user_0177,58,Female,India,Bachelor,9.4,Tablet,Yes,5,10,88.5
user_0019,47,Other,India,PhD,8.2,Tablet,Yes,,11,51.3
user_0737,27,Female,UK,High School,15.9,Mobile,No,3,10,83.2
user_1070,25,Female,Australia,High School,,Mobile,Yes,4,11,63.9
user_0596,49,Female,India,Master,4.1,Tablet,No,3,7,43.9
user_0062,51,Male,USA,  Bachelor  ,11.7,Tablet,Yes,4,2,45.2
user_0273,33,Male,India,  PhD  ,11.1,Mobile,No,3,4,68.0
user_1150,42,Other,Canada,Bachelor,13.6,Tablet,Yes,5,11,89.7
user_0279,31,Male,India,Bachelor,8.8,tab,No,,-1,43.4
user_1059,46,Female,Canada,Master,11.6,Tablet,Yes,5,6,93.9
user_0695,45,M,Canada,Bachelor,4.7,Tablet,Yes,3,4,73.9
user_0369,39,F,USA,High School,9.8,Desktop,Yes,5,7,67.6
user_0931,58,Male,UK,High School,3.5,Tablet,Yes,5,3,
user_0860,48,Other,USA,Other,11.1,laptop,No,2,11,50.5
user_0903,19,Other,Canada,Master,17.8,Desktop,No,1,2,68.2
user_1056,39,Other,Canada,Master,17.6,Desktop,No,1,11,76.0
user_0809,42,Other,India,Bachelor,14.1,Tablet,Yes,4,12,52.9
user_0548,27,Male,India,Other,6.9,PC,No,5,2,51.0
user_0924,52,Male,,Other,4.8,Desktop,Yes,0,8,82.5
user_0689,30,Other,Australia,Master,7.3,Mobile,Yes,4,13,67.4
user_0945,42,Female,Australia,PhD,19.0,Tablet,Yes,1,13,90.2
user_0457,54,Male,Canada,Bachelor,8.9,Mobile,No,3,10,86.3
user_0394,43,Other,India,Master,19.4,Desktop,No,3,3,50.4
user_0676,55,Male,Australia,High School,5.0,Mobile,Yes,,14,86.0
user_0992,55,Female,USA,Bachelor,11.5,Tablet,Yes,2,2,46.8
user_1012,59,Other,India,PhD,16.0,Tablet,Yes,1,10,52.6
user_0376,22,Male,USA,Other,9.8,Mobile,No,3,9,40.2
user_0413,33,Male,USA,Master,1.3,Tablet,No,3,3,96.9
user_0075,41,Female,UK,High School,,Mobile,Yes,,5,47.1
user_1146,24,Female,India,Other,16.9,Mobile,No,4,1,56.5
user_0906,54,Female,Australia,Other,14.5,Tablet,No,5,11,58.6
user_0501,54.0,Female,India,Master,18.9,Mobile,No,3,3,97.6
user_0840,23,other,India,Other,,Mobile,Yes,1,11,67.2
user_0617,27,Other,Canada,High School,10.9,Desktop,Yes,5,11,80.1
user_0115,52,Male,UK,Other,18.3,Desktop,Yes,5,8,94.4
user_0418,45,Female,Australia,Bachelor,10.7,Desktop,No,2,8,58.6
user_0602,53,Female,UK,High school,12.0,Desktop,No,2,4,92.8
user_0605,37,Female,Canada,High School,15.9,Tablet,No,3,3,44.2
user_0090,34,Male,India,Other,13.6,Tablet,Yes,5,1,85.8
user_0866,21,Male,Australia,Master,1.6,Mobile,No,5,2,98.6
user_1173,40,Male,Australia,Master,,mobile,No,2,7,99.6
user_0499,40,Female,,Master,12.5,Tablet,Yes,2,10,73.0
user_1033,39,Other,Australia,High School,13.7,Desktop,Yes,2,6,84.0
user_0927,39,Male,Canada,High School,9.0,Desktop,No,1,12,79.0
user_0925,18,other,UK,High School,2.2,Desktop,Yes,2,8,73.4
user_0012,53,Man,USA,PhD,,Desktop,No,3,7,40.5
user_0397,29,Female,Australia,High School,18.7,Mobile,Yes,2,12,76.9
user_0789,25,Female,UK,Other,,Desktop,No,2,13,98.0
user_0556,44,m,Australia,Other,6.4,TABLET,Yes,5,8,
user_0043,43,Male,Australia,Master,12.5,Tablet,True,4,5,49.3
user_0168,26,Male,Canada,Master,15.9,Desktop,No,1,1,44.4
user_0417,31,Male,UK,Other,,Tablet,Yes,,2,
user_0577,43,Female,India,High School,,Mobile,No,5,8,54.2
user_0268,46,Female,India,Other,9.8,Tablet,Yes,5,13,73.0
user_0847,21,Other,UK,Other,1.8,Mobile,No,1,6,51.3
user_0427,56,Female,UK,PhD,,Mobile,Yes,1,6,92.9
user_0691,18,Female,USA,Bachelor,1.8,Mobile,No,4,6,56.0
user_0545,35,Female,Australia,Other,,TABLET,No,2,3,42.1
user_1147,52,Other,Australia,High School,16.3,Desktop,Yes,,7,64.6
user_0675,22,Male,USA,High School,13.4,Desktop,Yes,1,10,47.9
user_0690,200,Male,Canada,High School,6.6,Mobile,Yes,3,4,50.2
user_1079,44,Other,Canada,BACHELOR,250,Tablet,Yes,5,11,87.7
user_1101,50,Female,Canada,Bachelors,18.4,Mobile,Yes,3,7,
user_0160,44,Male,India,High School,5.0,Mobile,No,3,7,
user_0928,46,Female,Australia,Master,10.4,Mobile,No,4,5,47.0
user_0258,28,Female,Australia,Bachelor,17.3,Tablet,Yes,4,10,43.3
user_0336,59,OTHER,India,Bachelor,15.4,Desktop,No,4,5,56.5
user_0016,39,Female,USA,Other,13.9,Mobile,Yes,5,5,93.3
user_0947,57,Male,Canada,Other,6.0,Mobile,Yes,2,7,76.9
user_0325,42.0,Male,USA,Bachelor,8.3,Mobile,Yes,4,11,65.0
user_0608,31,Female,Canada,ph.d,18.0,Tablet,No,1,7,96.7
user_1078,52,Male,India,Masters,7.3,Desktop,Yes,4,13,81.7
user_0972,32,Male,UK,M.S,2.8,Tablet,Yes,3,3,74.2
user_0089,28,FEMALE,Australia,Bachelor,5.1,Tablet,Yes,1,3,92.2
user_0223,24,Female,USA,Master,3.2,Tablet,No,3,10,68.6
user_0180,19,Male,UK,High School,15.1,Tablet,No,4,4,84.7
user_0100,24,Female,Canada,High School,9.3,Desktop,Yes,4,3,64.4
user_0758,49,Other,USA,Other,19.0,MOBILE,No,1,9,76.4
user_0522,45,Female,USA,Master,3.2,laptop,Yes,4,9,49.0
user_0762,49,Female,India,Master,12.1,Smartphone,No,4,7,77.4
user_0023,50,Female,India,High School,3.2,Tablet,False,5,4,69.7
user_0357,31,Other,India,Master,13.1,Mobile,No,2,7,86.1
user_0734,21.0,Female,USA,Master,6.6,Mobile,Yes,,,73.1
user_1008,30,Female,Canada,Other,11.5,Desktop,Yes,1,7,72.6
user_1136,47,Male,UK,HIGH SCHOOL,2.5,Mobile,No,5,5,44.6
user_0612,20,MALE,Australia,Master,7.4,Desktop,No,1,14,49.7
user_1043,18,Male,India,Master,16.0,Desktop,No,1,1,66.7
user_0341,50,Male,Canada,Bachelor,12.2,Desktop,No,3,14,97.5
user_0432,40,Male,India,Other,8.2,Tablet,Yes,1,12,40.4
user_0835,58,Male,Canada,Master,,Tablet,Yes,2,9,99.1
user_0218,43,Female,USA,Bachelor,,Mobile,Yes,2,13,96.3
user_0204,51,Others,USA,High School,9.7,Mobile,No,5,8,45.4
user_0951,31,Male,UK,PhD,18.6,Tablet,Yes,3,1,92.2
user_1091,25,Female,USA,Other,3.7,Desktop,No,3,14,83.0
user_0094,50,Male,India,Master,17.9,Desktop,No,4,13,83.7
user_0837,23,male,Australia,PhD,5.7,Desktop,0,4,10,51.8
user_0069,31,Male,Canada,PhD,4.3,Mobile,Yes,1,5,67.2
user_0940,31,Other,USA,Master,4.0,Tablet,False,5,11,62.0
user_0285,34,Other,USA,Bachelor,10.1,Tablet,No,2,5,84.4
user_0697,25,Female,Canada,Other,12.8,Tablet,Yes,5,6,96.3
user_0086,18,Other,India,PhD,14.8,Desktop,No,1,6,72.2
user_0435,53,Other,Australia,Master,13.0,Desktop,Yes,5,12,72.4
user_0868,23,Male,India,High School,4.0,Desktop,No,2,11,65.4
user_0154,28,Other,India,Master,12.4,Desktop,Yes,5,2,91.5
user_0076,43,Other,Canada,Master,15.7,Mobile,Yes,4,13,55.1
user_1067,47,Other,India,Other,15.5,Mobile,Yes,4,3,42.0
user_0790,52,Female,Australia,Master,5.2,Laptop,Yes,1,1,71.6
user_0581,30,Other,Australia,Other,10.8,Mobile,Yes,5,1,97.5
user_0447,19,Female,India,Master,3.1,Tablet,No,4,13,79.6
user_0704,22,Female,Canada,Other,13.9,Tablet,No,4,11,
user_0189,49,  Other  ,UK,Other,6.2,Desktop,Yes,,14,45.9
user_0272,52,Male,  Canada  ,Other,6.4,Mobile,Yes,2,8,59.0
user_0237,59,f,India,Other,8.8,Tablet,False,,11,100.0
user_0488,27,Other,Canada,High School,12.3,Tablet,Yes,1,10,
user_1184,41,Other,Australia,High School,16.7,desktop,Yes,3,9,46.1
user_0560,54,Male,USA,High School,11.4,Tablet,No,2,14,85.9
user_0118,20,Non-binary,Canada,PhD,5.1,Mobile,False,2,1,67.0
user_0638,50,Female,Canada,High School,14.3,Tablet,No,5,12,74.9
user_1101,50,Female,Canada,Bachelors,18.4,  Mobile  ,Yes,3,7,
user_0802,24,Male,Canada,Master,3.2,Desktop,No,5,6,82.2
user_0751,33,Female,Australia,Bachelor,12.5,Tablet,No,2,10,78.5
user_0513,30,Male,UK,High School,4.2,Tablet,No,4,10,66.7
user_0634,53,Female,UK,Master,15.9,Tablet,No,3,6,
user_1066,23,f,,PhD,1.7,Desktop,No,1,14,77.4
user_1040,50,Other,Australia,Master,3.2,Tablet,Yes,3,5,-10
user_1126,24,Other,Canada,PhD,,Desktop,No,3,9,
user_0127,32,Female,India,Master,15.9,Mobile,Yes,4,13,81.1
user_0791,32,Other,Canada,Master,17.6,Mobile,No,1,11,58.2
user_0117,31,Other,Australia,Other,9.1,Desktop,Yes,5,6,45.1
user_0474,46,Female,Australia,High School,12.1,Mobile,Yes,3,5,74.8
user_0741,22,Other,India,Bachelor,,Desktop,Yes,5,7,80.2
user_1035,59,Male,Australia,Master,,Mobile,No,1,8,67.8
user_0058,21,Female,UK,Masters,11.5,Desktop,No,,12,74.1
user_0604,36,Male,India,PhD,8.1,  Tablet  ,No,1,9,68.9
user_0787,53,Female,  India  ,PhD,14.3,Desktop,No,2,12,87.4
user_1019,29,Male,Canada,M.S,16.3,Desktop,No,1,3,43.6
user_0657,28,Other,USA,master,6.3,Tablet,No,1,10,52.6
user_0948,25,Male,Canada,Master,6.3,Desktop,No,1,14,60.0
user_0967,23,Female,Canada,Bachelor,,Tablet,no,3,10,76.0
user_0106,40,Male,Australia,Master,4.9,Desktop,No,2,7,81.6
user_0636,34,Male,UK,Master,1.1,Mobile,No,5,9,67.7
user_0370,59,Other,Canada,HIGH SCHOOL,19.7,Mobile,Yes,3,13,94.0
user_0269,35,other,USA,Master,17.6,Mobile,Yes,1,10,89.6
user_0656,49,Male,Australia,High School,12.9,Desktop,Yes,3,8,86.2
user_0820,30,Other,UK,High School,7.8,Mobile,No,1,6,63.8
user_0823,21,Female,UK,Other,4.5,Tablet,No,4,11,70.8
user_0047,24,Male,USA,Master,11.4,Tablet,No,5,11,63.2
user_0350,30,Male,UK,Master,,Tablet,Yes,2,3,45.0
user_0774,58,Male,UK,Other,11.7,Desktop,Yes,2,1,98.7
user_0196,23,Male,India,Master,10.9,Mobile,No,1,1,
user_0103,29,Male,Australia,Master,11.4,Desktop,No,5,5,89.1
user_0005,38,Other,Australia,PHD,8.4,Mobile,No,1,5,-5
user_0620,25,Male,Canada,PhD,12.8,Mobile,No,2,14,48.0
user_0572,48,Female,UK,PhD,13.5,Desktop,Yes,,6,47.6
user_0053,57,Female,UK,Other,2.3,Tablet,Yes,,14,44.7
user_0264,52,Male,USA,PhD,17.7,Tablet,Yes,5,14,92.5
user_1117,25,Other,UK,PhD,9.0,Desktop,Yes,4,3,71.2
user_0444,33,Male,Australia,Other,,Tablet,Yes,5,10,47.6
user_1020,25,Other,USA,Master,8.4,Mobile,No,5,13,66.7
user_0783,39,Female,Australia,High School,12.1,Mobile,No,2,14,42.4
user_0838,43,Other,USA,Bachelor,13.4,Mobile,No,2,4,92.5
user_0890,28.0,Other,India,PhD,13.5,Tablet,Yes,1,11,66.8
user_0692,57,Male,Australia,Master,13.1,Mobile,No,1,11,70.5
user_0305,52,Male,India,PhD,7.6,Desktop,No,4,14,51.8
user_0342,26,Other,Canada,PhD,4.5,Tablet,Yes,2,6,44.7
user_0911,32,Female,UK,Master,17.3,Tablet,Yes,3,4,51.6
user_0314,41,other,UK,Master,1.9,tab,No,,11,49.4
user_0150,45,Other,Australia,High School,15.9,Desktop,Yes,5,10,88.5
user_0125,26,Male,India,Other,10.4,Mobile,No,4,4,93.9
user_1140,57,Male,UK,Master,20.0,Desktop,Yes,,8,71.6
user_0575,44,Male,UK,Other,13.5,Mobile,No,2,6,90.1
user_0698,56,Other,India,  Bachelor  ,12.4,Tablet,No,3,13,94.7
user_0665,51,Other,India,Master,9.8,Tablet,Yes,2,9,
user_0051,34,Female,Australia,PhD,4.3,Tablet,No,3,1,44.7
user_0904,37,Female,Canada,doctorate,11.6,Tablet,Yes,2,13,
user_0727,41,Male,India,Master,,Tablet,Yes,2,2,49.8
user_0800,43,Male,India,doctorate,5.6,Tab,No,4,8,71.9
user_0834,59,other,USA,Master,12.4,Mobile,No,5,8,85.6
user_0354,18,Other,UK,High School,9.2,PC,Yes,4,8,66.1
user_1177,53,Male,India,M.Tech,15.5,Tablet,YES,3,3,50.5
user_0143,49,Male,  Canada  ,High School,,Desktop,No,4,11,
user_0471,34,Male,USA,PhD,13.1,Tablet,Yes,5,7,54.4
user_0654,18,Other,USA,PhD,15.7,Tablet,Yes,1,9,68.6
user_0400,51,Female,Australia,Other,1.1,Desktop,Yes,4,2,42.9
user_0943,42,Female,USA,High School,5.5,Mobile,Yes,5,1,62.4
user_1118,53,Male,Australia,Other,7.3,Tablet,No,3,14,91.9
user_0321,40,Male,USA,PhD,15.4,desktop,Yes,2,6,47.3
user_0020,55,Female,India,Other,19.7,  Desktop  ,Yes,3,6,88.3
user_0685,38,Female,India,Other,2.7,Tablet,No,4,14,55.2
user_0036,26,Other,,PhD,,Desktop,No,4,8,43.2
user_0825,20,Other,UK,Other,12.0,Tablet,Yes,1,3,67.3
user_0506,52,Female,Canada,High School,8.5,Tablet,Yes,4,7,99.1
user_0828,53,Male,UK,Master,6.2,Mobile,No,1,8,96.4
user_1095,51,Female,Canada,Bachelor,15.5,Desktop,Yes,2,9,42.8
user_0408,39,Female,Australia,Bachelor,8.7,Desktop,Yes,2,12,78.3
user_0818,42,Other,India,Other,,Tablet,No,3,7,72.0
user_0867,32,Other,Australia,Bachelor,18.2,tablet,Yes,3,2,57.2
user_0538,31,Other,Australia,Master,19.7,Tablet,Yes,3,11,94.6
user_0759,20,Male,Australia,PhD,,Tablet,No,1,3,74.2
user_1093,29,Other,UK,Other,,Mobile,Yes,1,8,56.5
user_0938,22,Other,Canada,High School,16.3,Desktop,No,1,2,55.4
user_0039,21,Female,USA,Bachelor,12.1,  Mobile  ,Yes,4,7,54.4
user_0176,41,Other,USA,Other,18.6,Mobile,No,3,1,61.3
user_0246,54,MALE,Canada,Master,10.4,Desktop,Yes,2,3,53.9
user_0811,45,Male,India,PhD,,Tablet,Yes,3,7,96.5
user_1109,40,Other,UK,Master,15.8,Tablet,Yes,2,5,77.4
user_1010,46,Female,Australia,B.Sc,17.0,Desktop,No,1,14,69.1
user_0785,34,Male,USA,High School,18.0,Tablet,Yes,2,8,90.0
user_0686,31,Female,UK,Phd,6.4,Desktop,Yes,4,12,64.4
user_0490,26,Male,USA,Master,19.5,Desktop,Yes,5,12,88.4
user_0155,45,Other,USA,Other,4.8,Desktop,Yes,2,7,78.0
user_0639,37,Other,India,Other,12.7,Mobile,No,1,1,83.8
user_0663,30,Other,UK,High School,5.1,Mobile,Yes,3,12,53.7
user_0854,20.0,Male,Australia,Bachelor,7.1,Tablet,Yes,4,11,44.7
user_0288,39,Male,UK,Master,17.1,Mobile,Yes,4,12,
user_0626,45,Other,India,Other,11.5,Tablet,Yes,7,12,53.1
user_1151,36,Other,Australia,high school,15.8,PC,Yes,2,7,79.0
user_0686,31,Female,UK,Phd,6.4,Desktop,Yes,4,12,64.4
user_1041,35,Other,Canada,Bachelor,,Tablet,no,1,2,
user_0917,22,Other,India,High School,9.6,Mobile,Yes,1,11,56.8
user_0570,53,Female,Canada,PhD,10.9,Tablet,No,2,8,95.4
user_1168,21,Female,India,PhD,15.8,PC,No,2,,59.3
user_0735,27,Other,UK,Other,3.2,Desktop,No,4,1,43.0
user_0793,31,Female,UK,Master,15.2,Mobile,No,4,13,44.0
user_0018,41,Other,UK,Other,4.9,Tablet,Yes,5,10,76.4
user_0128,43,Other,India,Other,8.6,Desktop,No,5,13,91.5
user_0323,20,Male,USA,Master,4.9,Tablet,No,2,6,94.6
user_0256,50,Male,Canada,Other,15.8,Mobile,No,99,2,67.2
user_0990,27,Other,Canada,PhD,10.2,Tablet,No,1,14,99.7
user_0693,49,Male,India,Bachelor,12.3,Desktop,No,1,7,48.8
user_0191,18,Other,USA,Other,,Mobile,No,5,1,82.5
user_0116,54,Female,India,  Other  ,7.7,Mobile,No,3,8,75.2
user_1198,26,Female,USA,Other,17.5,Mobile,false,2,2,53.9
user_0934,47,Male,Canada,High School,16.1,Tablet,No,4,3,99.9
user_0607,58,Other,Canada,BACHELOR,18.8,Tablet,Yes,2,14,59.5
user_0181,20,Female,Canada,High School,2.5,Desktop,No,1,14,-5
user_0302,3,Other,India,Other,8.1,Desktop,No,4,1,97.9
user_0497,49,Female,Canada,PhD,5.1,Desktop,No,3,12,61.4
user_0349,41,Other,Australia,Master,12.1,Tablet,No,5,12,
user_0245,22,Other,India,Master,14.2,Tablet,Yes,2,6,98.5
user_0037,56,Female,India,HIGH SCHOOL,11.6,Mobile,No,4,14,85.3
user_0745,30,MALE,,PhD,6.6,Tablet,No,5,9,51.5
user_1106,57,Other,Canada,Highschool,14.1,Desktop,NO,1,13,94.4
user_1003,29,Other,Australia,Master,20.0,Tablet,Yes,3,13,96.8
user_0518,36,Other,USA,Other,9.3,Tablet,No,3,2,79.8
user_0373,54,Male,USA,Master,15.2,Desktop,No,5,12,69.5
user_0046,45,Other,Australia,Other,13.0,Tablet,Yes,1,3,73.6
user_0477,43,Male,UK,Bachelor,2.5,Mobile,No,3,8,60.7
user_0158,2,Male,USA,Master,9.9,Desktop,Yes,5,5,71.7
user_1071,37,Other,Canada,PhD,12.2,Desktop,No,1,12,49.5
user_0172,41,Other,India,PhD,16.7,Mobile,Yes,2,1,88.2
user_0017,19,Female,India,Other,2.4,Tablet,No,2,11,67.6
user_0512,39,Male,India,  Master  ,8.9,Mobile,No,3,2,75.2
user_0049,52,Male,Canada,PhD,3.7,Mobile,Yes,2,2,73.7
user_0192,36,Male,Australia,Bachelor,18.2,Mobile,False,3,7,89.4
user_0547,26,Other,India,Other,6.8,Tablet,No,2,9,49.3
user_0516,29,Male,India,Other,18.9,Desktop,No,3,9,66.9
user_0659,43,Other,Canada,PhD,18.6,Tablet,Yes,3,1,54.0
user_0985,21,Other,Canada,Master,7.3,Tablet,Yes,2,12,64.9
user_0829,39,Female,UK,Master,4.9,Desktop,No,4,6,59.8
user_1028,25,Female,India,High School,5.1,Desktop,No,4,3,57.3
user_0481,21,Other,Canada,High School,14.4,Tab,No,3,7,89.9
user_1153,41,Other,Canada,  Bachelor  ,14.4,Desktop,No,4,10,53.8
user_0284,20,Female,USA,Master,1.8,Desktop,No,4,2,88.0
user_1054,25,Male,India,Master,12.7,Mobile,No,1,3,66.9
user_0798,41,  F  ,Australia,PhD,1.6,Mobile,No,4,8,96.9
user_0986,39,FEMALE,,Master,13.6,Mobile,No,5,2,59.6
user_0226,57,Female,Canada,High School,4.2,Mobile,No,3,12,44.4
user_0027,44,Male,USA,Other,19.8,Desktop,No,3,11,48.7
user_0283,24,Female,UK,master,5.0,Tablet,No,2,14,66.0
user_1174,18,Female,Australia,PhD,2.1,Desktop,No,2,5,82.7
user_0438,27,Male,USA,Other,10.4,Desktop,Yes,3,7,97.4
user_1192,42,Other,Canada,Bachelor,14.3,Tablet,Yes,5,12,90.6
user_0365,40,Other,UK,PhD,16.7,Desktop,Yes,3,12,52.4
user_0230,18,Male,Australia,PhD,15.2,Tablet,Yes,5,2,73.5
user_0038,35,Male,India,Master,4.6,Desktop,1,2,6,97.3
user_0670,23,Female,India,Other,14.2,Desktop,Yes,2,14,69.2
user_0750,28,Male,,PhD,18.9,Mobile,Yes,2,5,97.8
user_0111,200,Male,UK,High School,1.6,laptop,No,5,12,79.9
user_0375,25,Female,Canada,Other,5.1,tablet,Yes,5,8,88.4
user_0470,40,Other,UK,High School,18.3,Tablet,Yes,5,8,54.4
user_0883,37,Female,Australia,Other,2.7,Desktop,No,2,14,61.8
user_1049,22,Female,India,PhD,9.7,Mobile,No,5,9,48.9
user_1119,41,Male,Australia,Master,8.1,Mobile,No,1,7,99.2
user_0688,18,Other,,High School,6.6,Desktop,Yes,1,3,87.7
user_0033,54.0,Other,Australia,High School,19.6,Desktop,No,3,7,85.7
user_0640,30,Male,Australia,Bachelors,15.4,Tablet,Yes,3,13,64.7
user_1063,28,Male,UK,Master,4.3,Tablet,Yes,3,4,46.7
user_0195,49,Other,USA,Bachelors,7.6,Desktop,Yes,3,9,45.4
user_1167,56,Other,Australia,Master,8.9,Mobile,Yes,4,5,40.6
user_1138,42,Other,USA,PhD,4.6,Desktop,No,1,12,59.3
user_0999,25,Other,USA,Master,7.6,Mobile,No,5,11,62.2
user_0504,40,Female,Australia,Master,7.6,Desktop,Yes,2,8,69.6
user_0916,48,Male,India,Bachelor,12.8,Tablet,No,5,6,53.7
user_1025,40,Female,Australia,High school,8.0,Tablet,Yes,1,6,
user_0731,34,Other,Australia,PhD,13.3,Mobile,Yes,3,12,55.9
user_1112,34,Other,Canada,High School,4.5,Mobile,Yes,5,13,87.8
user_0801,31,Other,Canada,Other,,Tablet,No,5,,68.9
user_0580,20,Other,India,PhD,8.9,Desktop,No,5,11,-5
user_0161,30,Non-binary,USA,PhD,6.3,Desktop,Yes,4,3,91.9
user_0681,27,Male,Australia,Bachelor,8.0,Tablet,Yes,4,8,71.1
user_0957,50,Other,UK,PhD,19.0,Mobile,No,3,7,92.3
user_1190,24,M,India,Master,12.3,Tablet,Yes,5,11,61.4
user_0163,20.0,Other,UK,PhD,1.2,Tablet,No,1,2,81.6
user_0822,42,Female,USA,Bachelor,11.7,Mobile,Yes,5,12,69.4
user_0706,47,Other,Canada,PhD,7.6,Mobile,No,4,12,46.6
user_1042,52,Male,India,High School,6.7,Tablet,Yes,1,12,
user_0878,43,Other,Canada,High School,2.0,Tablet,Yes,3,10,55.0
user_0896,27,Female,India,Bachelor,,Mobile,No,2,12,50.9
user_0914,52,Female,USA,High School,3.5,Desktop,Yes,5,,93.8
user_0326,59,Male,Australia,Master,13.6,Mobile,No,1,10,66.9
user_0153,47,Male,USA,Master,15.9,Mobile,No,1,1,47.9
user_1121,23,Female,Australia,Other,17.1,Desktop,Yes,5,1,63.7
user_1107,20,Other,India,PhD,7.1,Desktop,No,5,11,51.2
user_0510,37,Other,Australia,High School,11.5,tab,Yes,,7,57.1
user_0112,44,Male,Canada,PhD,7.8,Desktop,Yes,1,5,71.5
user_0227,56,Other,Australia,High School,5.6,Mobile,Yes,1,3,99.6
user_1115,28,Female,Australia,High School,4.8,Mobile,Yes,4,11,63.0
user_0852,41,Other,Canada,Master,18.9,Desktop,No,1,9,76.3
user_0104,51,Other,Australia,High School,13.7,Mobile,Yes,4,2,50.3
user_0422,29,Female,Canada,Master,8.6,Tablet,No,3,6,42.8
user_0420,47,Male,Australia,Other,18.8,Desktop,No,4,8,92.0
user_0968,20,Female,USA,Other,15.3,Tablet,Yes,1,8,88.4
user_0625,25.0,Female,Australia,PhD,6.0,Desktop,No,2,11,85.2
user_0587,56,Male,USA,PhD,10.7,Desktop,No,,5,92.9
user_1085,33,Female,USA,Bachelor,2.5,DESKTOP,Yes,3,1,42.8
user_0920,26,Male,USA,PhD,4.6,Tablet,Yes,1,2,44.5
user_0673,22,Male,Australia,Master,200,Tablet,Yes,3,7,88.8
user_0120,22,Other,Canada,High School,12.3,Tablet,Yes,4,8,87.6
user_0054,21,Other,India,Master,9.2,MOBILE,No,1,14,
user_0152,37,Female,Canada,Bachelor,10.5,Desktop,No,1,2,43.8
user_0404,18,Female,India,High School,7.0,Desktop,No,5,7,42.4
user_1004,27,Male,India,PhD,5.0,Mobile,Yes,5,10,78.2
user_0208,33,OTHER,Canada,Bachelor,10.3,Mobile,Yes,5,9,88.4
user_1159,49,Male,India,High School,17.0,Tablet,No,,11,
user_0009,28,Female,Canada,High School,9.2,Mobile,true,5,2,73.3
user_1015,40,Male,UK,High School,16.6,Phone,Yes,4,10,51.4
user_0453,29,Man,India,PhD,,Desktop,Yes,5,2,72.8
user_0254,37,Female,USA,Other,15.7,Mobile,Yes,1,6,57.2
user_0897,22,Male,Canada,Bachelor,9.2,Tablet,False,4,14,45.2
user_1073,49,M,India,Other,11.6,Mobile,No,5,6,98.4
user_0881,37,M,India,High School,,Desktop,Yes,3,14,74.3
user_1157,24,Woman,UK,Other,20.0,Desktop,No,1,13,68.9
user_0624,45,Other,UK,Other,5.4,Desktop,No,2,5,83.2
user_0346,43,Male,India,PhD,,Mobile,Yes,4,3,50.8
user_1055,33,Other,USA,Other,5.9,Desktop,No,2,5,89.4
user_0263,37,Female,Canada,Bachelor,14.6,Tablet,Yes,3,7,83.8
user_0151,45,Female,Australia,Bachelor,9.0,Desktop,No,1,8,54.8
user_0473,25,other,Canada,High School,17.8,Desktop,No,5,9,95.7
user_0641,45,Female,Canada,Bachelor,10.7,Tablet,No,3,13,77.8
user_0017,19,Female,India,  Other  ,2.4,Tablet,No,2,11,67.6
user_1154,35,f,USA,PhD,12.9,Tablet,Yes,5,2,72.3
user_0551,24,Other,Canada,High School,17.6,Tablet,No,5,12,77.4
user_0929,25,Other,India,PhD,18.4,Desktop,Yes,,8,72.2
user_0489,54,Other,USA,High School,10.5,Tablet,No,5,2,55.0
user_1171,35,Male,Australia,Other,17.7,Tablet,Yes,5,11,52.0
user_0147,19,Other,Australia,high school,10.5,Mobile,False,4,5,49.1
user_0403,57,Male,Australia,PhD,6.8,desktop,Yes,1,1,76.9
user_0955,40,Other,UK,Master,17.3,Tablet,Yes,3,4,80.0
user_1149,35,Male,,Bachelor,7.6,Tablet,Yes,2,8,40.0
user_0660,42,Male,,Bachelor,19.9,Desktop,No,4,9,64.6
user_0464,46,Male,Australia,Bachelor,14.0,Desktop,Yes,2,4,58.2
user_0187,40,Other,UK,PhD,13.0,Mobile,No,5,2,79.7
user_0609,32,Female,India,Master,7.4,Tablet,No,1,14,57.0
user_0144,24,Male,,PhD,17.6,Mobile,Yes,3,2,
user_0752,25,Female,  USA  ,Other,17.4,Desktop,Yes,2,11,41.4
user_0982,54,MALE,UK,Master,,Mobile,Yes,,7,47.8
user_0198,21,Female,Australia,PhD,17.8,Tablet,Yes,1,6,57.5
user_0884,29,Other,UK,Other,7.0,Tablet,Yes,3,8,53.0
user_0280,38,Female,USA,Other,13.3,Tablet,No,3,11,46.6
user_0294,44,Other,UK,PhD,5.4,Tablet,Yes,3,6,47.9
user_1113,33,Male,UK,Master,5.1,Tablet,Yes,,5,41.3
user_0401,49,Other,USA,Other,9.9,Mobile,Yes,5,7,52.6
user_0123,56,Male,Canada,PhD,17.8,Desktop,Yes,3,12,56.1
user_0203,22,Female,USA,master,6.6,Tablet,No,4,3,75.8
user_0836,54,M,Australia,Other,6.9,Tablet,false,2,14,96.7
user_0247,49,Others,,Bachelor,18.7,Mobile,Yes,1,4,92.9
user_1164,18,other,USA,Other,6.7,Mobile,No,5,2,
user_0385,30,Other,Australia,Bachelor,4.8,Mobile,No,5,8,53.9
user_0855,48,Male,Canada,Master,9.3,Tablet,Yes,1,13,71.6
user_0220,36,Female,USA,Bachelor,3.3,Desktop,Yes,4,1,46.8
user_0642,46,Male,UK,PhD,14.4,Tablet,No,4,5,82.0
user_0002,46,Other,India,P.H.D,4.1,Mobile,false,4,14,51.2
user_0113,52,Other,Australia,Master,1.3,Tablet,Yes,2,4,78.4
user_0699,43,Male,UK,Bachelor,10.6,  Tablet  ,Yes,3,11,96.8
user_0952,49,Male,Canada,Other,5.1,Tablet,Yes,2,4,70.8
user_1103,55,MALE,  Canada  ,Other,7.8,Mobile,Yes,3,8,72.5
user_0442,22,Woman,India,Other,10.6,mobile,No,4,11,
user_0664,50,Other,USA,Bachelor,7.4,Tablet,Yes,5,10,95.3
user_1120,37,Other,Canada,High School,2.7,Tablet,No,3,12,
user_0318,50,  Male  ,India,Other,10.9,Mobile,No,4,4,98.1
user_0649,19,female,USA,High School,1.9,PC,no,4,3,69.0
user_0710,54,Male,Canada,Other,3.7,Tablet,No,2,7,66.5
user_0973,46,Female,UK,High School,8.8,Tablet,No,4,4,91.7
user_0628,43,Other,Canada,Master,6.6,Desktop,true,5,2,77.1
user_0633,58,Other,Canada,Other,18.6,Tablet,No,1,4,56.2
user_1196,38,Other,Australia,High School,14.0,Tablet,No,4,10,
user_0665,51,Other,India,Master,9.8,Tablet,Yes,2,9,
user_0796,40,Other,UK,Bachelor,9.0,Desktop,No,4,1,79.3
user_0646,35,Female,USA,Bachelor,10.0,Desktop,No,1,10,67.5
user_1013,25,male,USA,Bachelor,11.5,mobile,Yes,4,14,40.0
user_0557,19,Female,UK,Other,7.9,Mobile,Yes,2,12,73.4
user_0682,27,Other,UK,Bachelor,7.0,Smartphone,Yes,4,6,46.8
user_0578,36,Other,,Bachelor,3.3,Desktop,Yes,4,13,93.4
user_0525,36,Other,Canada,high school,4.9,Mobile,Yes,5,12,83.8
user_1060,49,Other,  USA  ,Other,10.6,Mobile,Yes,,7,
user_0541,52,Male,UK,PhD,16.8,Tablet,No,2,10,80.6
user_0749,48,Male,UK,Master,14.9,Desktop,No,1,13,59.2
user_1134,44,Man,Australia,Other,6.0,Tablet,Yes,4,10,74.7
user_0485,42,Male,Australia,Other,12.7,Desktop,Yes,5,2,72.0
user_0096,59,Male,Canada,High School,16.3,Mobile,Yes,1,12,62.3
user_1021,32,Male,Canada,PhD,2.6,Mobile,Yes,2,5,70.2
user_0564,18,Male,Canada,PhD,1.9,PC,Yes,1,13,41.1
user_0743,23,F,USA,Other,7.8,Mobile,Yes,,14,88.4
user_0864,45,Other,Australia,Bachelor,6.5,Tablet,Yes,4,7,59.5
user_0892,30,Female,Canada,PhD,18.9,Tablet,No,3,4,89.5
user_1039,55,Other,USA,High School,3.0,Desktop,Yes,1,1,46.2
user_0207,28,Other,UK,High School,8.3,Tablet,No,3,-1,97.7
user_0393,54,Other,Australia,High School,,Mobile,Yes,3,14,57.5
user_0795,45,Female,  UK  ,High School,5.7,Mobile,YES,4,4,42.4
user_0871,19,Other,India,PhD,14.5,Mobile,Yes,4,1,88.6
user_0398,18,Other,India,Other,16.2,Mobile,No,4,13,64.7
user_0767,45,Male,USA,Master,1.3,Mobile,No,5,7,
user_0334,19,Female,India,PhD,-10,Desktop,Yes,3,13,59.6
user_1029,36,Female,India,Other,4.8,Desktop,Yes,1,5,74.7
user_0643,30,Female,Australia,Other,18.8,Tablet,Yes,5,10,82.7
user_0613,33,Other,Australia,High School,19.8,Mobile,No,2,6,69.2
user_0961,19,Male,India,Master,14.3,Desktop,No,2,1,66.4
user_0726,50,Male,,Bachelor,18.4,Mobile,False,5,1,91.8
user_0684,34,  Other  ,UK,Bachelor,9.2,Tablet,Yes,5,13,51.0
user_0099,45,Female,India,High School,10.7,Mobile,Yes,2,3,46.8
user_0805,35,F,Canada,High School,5.1,Mobile,No,2,9,52.9
user_0407,22,Other,Australia,Master,17.1,Desktop,No,5,14,81.9
user_0503,30,Male,India,PhD,3.4,Mobile,Yes,5,11,76.2
user_1072,47,Male,,High School,11.2,Desktop,Yes,3,12,52.9
user_1057,43,Female,Australia,PhD,17.3,iPad,Yes,1,14,90.8
user_0930,28,Male,India,High School,15.7,Mobile,Yes,1,3,66.2
user_0780,44,M,USA,Bachelor,2.4,Desktop,Yes,3,10,65.8
user_0201,55,Male,India,Master,8.9,Desktop,False,4,11,89.7
user_0135,47,Female,Canada,High School,4.9,mobile,No,2,12,55.1
user_1052,54,Other,UK,Other,16.4,Tablet,No,3,5,66.4
user_0041,31,Male,USA,Other,10.9,Tablet,No,4,5,51.0
user_1018,18,Female,India,Other,17.1,Desktop,No,4,13,43.9
user_0231,28,Female,India,PhD,,Mobile,Yes,3,11,58.3
user_0379,23,Others,Canada,Master,17.9,Desktop,Yes,1,3,53.8
user_0289,39,Other,Canada,Bachelor,11.4,Tablet,Yes,3,3,86.4
user_0419,22,m,  Canada  ,Other,1.1,Mobile,No,2,5,88.7
user_0392,43,Female,Australia,Bachelor,16.4,Tablet,No,2,6,52.9
user_0593,50,Male,Canada,PHD,6.3,Desktop,No,,2,71.0
user_1087,55,Female,  India  ,Other,19.0,Desktop,Yes,4,8,93.2
user_0648,42,Other,Canada,Bachelor,15.5,Desktop,No,3,8,54.5
user_0521,24,Female,India,PhD,4.2,Mobile,No,2,10,78.8
user_0065,31,Male,Canada,PhD,,Tablet,Yes,2,11,68.2
user_0015,20,Female,India,Bachelor,7.3,Tablet,Yes,2,1,
user_1065,35,f,Canada,High School,14.6,Tablet,No,2,5,47.7
user_0493,52,  Male  ,India,Master,16.2,Desktop,false,4,6,70.3
user_0380,49,Female,Australia,Master,16.7,Tablet,Yes,3,5,52.0
user_0188,54,Female,Canada,Master,8.1,Tablet,Yes,3,7,94.2
user_0764,38,Other,Canada,Bachelor,7.7,Tablet,No,1,3,70.2
user_0217,36,Female,USA,Other,8.9,phone,No,2,13,54.3
user_0792,39,Female,Canada,High School,16.0,Mobile,No,,14,61.8
user_1077,41,Male,USA,PhD,13.5,Desktop,Yes,2,2,40.0
user_0879,21,Male,USA,PhD,9.8,Desktop,Yes,5,1,43.9
user_0338,43,Female,USA,High School,8.9,Mobile,No,5,7,78.0
user_0720,35,Other,Australia,Bachelor,4.1,Tablet,No,5,7,94.3
user_0296,51,Other,Australia,PhD,1.8,Tablet,Yes,5,14,96.0
user_1017,36,Other,Australia,PhD,13.8,Mobile,Yes,3,14,56.1
user_0456,50,Other,USA,Bachelor,16.4,Tablet,Yes,2,8,89.7
user_0816,39,Other,Canada,High School,2.0,Mobile,Yes,2,12,56.1
user_0270,35,Female,Australia,PhD,4.9,Tablet,Yes,5,1,
user_0996,41,Male,UK,Master,18.3,Mobile,No,2,2,54.4
user_0202,41,Other,Australia,Bachelor,1.3,Tablet,No,4,6,65.7
user_0162,58,Other,India,Master,14.5,Desktop,Yes,2,10,58.6
user_0730,59,Female,USA,ph.d,18.2,Mobile,Yes,1,2,94.9
user_0402,42,Other,Australia,Other,11.9,Tablet,No,1,13,74.0
user_0703,18,Male,USA,PhD,9.7,Desktop,No,5,13,
user_1130,51,Male,Canada,Bachelor,10.8,Mobile,No,4,11,88.8
user_0566,34,M,Australia,PhD,11.7,Mobile,No,5,10,
user_1022,26,Female,Australia,PhD,6.9,Mobile,No,3,10,88.0
user_1026,27,M,UK,High School,2.9,Tablet,No,5,10,64.6
user_1105,40,Other,USA,PhD,14.6,Tablet,No,4,13,53.4
user_0206,39,Other,Canada,PhD,14.7,Tab,No,5,2,45.4
user_0035,38,Male,India,PhD,11.4,Mobile,Yes,2,2,62.0
user_0776,43,Female,USA,Bachelor,2.6,Tablet,No,1,11,69.2
user_0509,34,Female,Australia,Other,,Mobile,Yes,3,13,80.0
user_0821,37,Female,Canada,High School,18.3,Tablet,No,6,10,81.6
user_0092,52,Female,Canada,High School,15.1,Tablet,No,4,3,42.2
user_0898,40,Other,Canada,Other,5.7,Tablet,Yes,5,1,82.8
user_0565,39,Female,USA,PhD,3.4,phone,Yes,5,1,79.2
user_0777,51,Male,USA,PhD,5.8,Tablet,Yes,,1,61.8
user_0242,19,Male,India,PHD,11.9,Desktop,Yes,4,12,57.1
user_0014,41,Female,Australia,Master,2.6,Desktop,No,2,9,
user_0316,48,Other,Canada,Other,9.1,Tablet,No,2,12,77.1
user_0601,54,Female,UK,Bachelor,12.5,iPad,No,,6,72.0
user_0388,36,Other,UK,High School,9.3,Mobile,True,4,1,69.0
user_0167,44,Female,UK,Other,10.8,Mobile,No,3,14,72.6
user_0841,54,Other,Canada,PhD,,Tablet,Yes,2,,
user_0021,19,Female,India,Master,15.9,Desktop,No,2,7,98.0
user_0647,22,Female,India,Phd,13.8,Desktop,No,2,6,55.7
user_1155,55,Female,Canada,PhD,3.7,Tablet,No,4,3,48.1
user_0832,57,Female,,PhD,2.5,Mobile,Yes,2,5,72.7
user_0563,25,Male,Australia,Master,4.8,Mobile,No,3,2,78.9
user_1195,23,Other,Canada,Master,9.6,Mobile,No,1,13,81.1
user_0687,26,Other,,PhD,9.0,Mobile,No,5,8,63.0
user_0958,42,Male,UK,PhD,15.9,MOBILE,Yes,1,9,66.8
user_0190,50,Male,India,high school,5.4,Tablet,Yes,1,14,53.9
user_0976,56,Other,UK,Master,7.0,Tablet,Yes,4,9,91.0
user_0700,51,Male,USA,Other,7.7,Desktop,No,5,8,54.7
user_0511,42,Other,Canada,PhD,16.0,Mobile,No,3,14,75.1
user_1083,23,Other,India,PhD,8.9,Desktop,No,5,9,49.4
user_0475,43,Male,India,Bachelor,16.8,Tablet,Yes,,,80.0
user_0857,54,OTHER,Australia,High School,19.3,Mobile,Yes,2,14,75.3
user_0748,33,MALE,Australia,High School,9.4,Desktop,No,5,5,61.3
user_0253,20,F,Canada,  Bachelor  ,13.9,Desktop,Yes,3,,65.8
user_0022,38,Other,USA,PhD,14.9,Tablet,No,4,12,
user_0460,18,Female,Australia,Other,12.0,Desktop,Yes,1,5,72.2
user_1185,52,Male,USA,High School,11.7,Tablet,Yes,2,3,49.3
user_0277,21,Male,India,High School,10.2,Mobile,No,3,6,45.9
user_0956,32,male,USA,Bachelor,14.9,Mobile,No,2,8,40.8
user_0386,59,Female,Canada,High School,10.8,Desktop,Yes,4,3,88.1
user_0806,55,Male,UK,Bachelor,19.8,Desktop,Yes,1,4,84.3
user_0344,46,m,Australia,PhD,17.4,Mobile,No,3,3,58.2
user_0770,38,Female,Australia,High School,17.6,Desktop,Yes,2,2,44.7
user_0131,49,Female,Canada,Bachelor,19.8,Mobile,Yes,2,9,
user_0872,32,Female,UK,Other,2.8,Desktop,Yes,2,11,72.2
user_1124,43,Male,Canada,Bachelor,16.4,laptop,No,1,5,54.5
user_0088,41,Other,Australia,High School,,Desktop,Yes,2,9,58.5
user_0331,49,Other,USA,PhD,12.5,Mobile,Yes,2,2,94.5
user_0467,48,Female,USA,Bachelor,9.6,Mobile,No,3,1,49.4
user_0122,31,Female,Australia,Bachelor,7.3,Mobile,Yes,4,4,93.7
user_1045,54,Female,India,Bachelor,2.3,Desktop,No,4,1,94.7
user_1096,52,Female,Canada,Bachelor,16.7,Tablet,No,4,10,90.2
user_1131,40,Male,India,Bachelor,16.0,tablet,Yes,10,3,81.9
user_0861,23,Male,Canada,  PhD  ,11.2,Desktop,No,,4,99.2
user_1127,45,Other,USA,High School,13.0,Tablet,No,1,10,76.9
